Name,Hash,Id,Tag,Tier,Type,Source,Equippable,Power,Power Limit,Masterwork Type,Masterwork Tier,Owner,Armor2.0,Locked,Equipped,Year,Season,Event,Mobility,Resilience,Recovery,Discipline,Intellect,Strength,Total,Custom,Mobility (Base),Resilience (Base),Recovery (Base),Discipline (Base),Intellect (Base),Strength (Base),Total (Base),Custom (Base),Seasonal Mod,Notes,Perks 0,Perks 1,Perks 2,Perks 3,Perks 4,Perks 5,Perks 6,Perks 7,Perks 8,Perks 9
An Insurmountable Skullfort,3216110440,"""6917529103958544720""",,Exotic,Helmet,,Titan,1100,,Arc Energy Capacity,1,Titan(1131),true,false,false,1,1,,10,9,13,25,2,2,61,0,10,9,13,25,2,2,61,0,combatstyle,,Change Energy Type*,*,*,*,*,Transfusion Matrix*,,,,
Holdfast Helm,1214477175,"""6917529206074041889""",,Legendary,Helmet,seasonpass,Titan,1100,,Solar Energy Capacity,6,Titan(1131),true,false,false,3,11,,17,18,7,11,14,6,73,0,7,18,7,11,14,6,63,0,combatstyle,,Mobility Mod*,Throne of Soot*,Upgrade Armor*,*,*,*,*,Siegebreak Helm*,,
Stronghold,2240152949,"""6917529114451830918""",,Exotic,Gauntlets,,Titan,1100,,Arc Energy Capacity,2,Titan(1131),true,false,false,2,6,,2,15,11,8,7,14,57,0,2,15,11,8,7,14,57,0,combatstyle,,Upgrade Armor*,*,*,*,*,Clenched Fist*,,,,
Doom Fang Pauldron,241462141,"""6917529103976468400""",,Exotic,Gauntlets,,Titan,1100,,Arc Energy Capacity,1,Titan(1131),true,false,false,1,1,,10,10,10,15,11,2,58,0,10,10,10,15,11,2,58,0,combatstyle,,Change Energy Type*,*,*,*,*,Horns of Doom*,,,,
Shieldbreaker Plate,1160283433,"""6917529438698064921""",,Rare,Chest Armor,adventure,Titan,1196,,Solar Energy Capacity,5,Titan(1131),true,false,false,1,1,,18,6,2,13,2,13,54,0,18,6,2,13,2,13,54,0,,,Upgrade Armor*,*,*,*,*,,,,,
Plate of the Great Hunt,1146451699,"""6917529439048708921""",,Legendary,Chest Armor,lastwish,Titan,1222,,Void Energy Capacity,3,Titan(1131),true,false,false,4,12,,14,14,2,6,22,2,60,0,14,14,2,6,22,2,60,0,"combatstyle,lastwish",,Upgrade Armor*,*,*,*,*,,,,,
Severance Enclosure,2326396534,"""6917529138396118654""",,Exotic,Chest Armor,,Titan,1100,,Arc Energy Capacity,1,Titan(1131),true,false,false,3,9,,2,18,6,17,6,2,51,0,2,18,6,17,6,2,51,0,combatstyle,,Change Energy Type*,*,*,*,*,Spheromatik Trigger*,,,,
Lion Rampant,3790373074,"""6917529061282298202""",,Exotic,Leg Armor,,Titan,1100,,,,Titan(1131),false,true,false,1,1,,10,20,0,5,10,5,50,0,0,20,0,5,10,5,40,0,,,Jump Jets*,Mobility Enhancement Mod*,Restorative Mod,Outreach*,Primary Ammo Finder*,*,,,,
Dunemarchers,1160559849,"""6917529203644601226""",,Exotic,Leg Armor,,Titan,1100,,Arc Energy Capacity,3,Titan(1131),true,false,false,1,1,,13,7,6,6,6,12,50,0,13,7,6,6,6,12,50,0,combatstyle,,Upgrade Armor*,*,*,*,*,Linear Actuators*,,,,
Mark of the Great Hunt,3351877674,"""6917529424319710398""",,Legendary,Titan Mark,lastwish,Titan,1185,,Void Energy Capacity,1,Titan(1131),true,false,false,4,12,,0,0,0,0,0,0,0,0,0,0,0,0,0,0,0,0,"combatstyle,lastwish",,Change Energy Type*,,,,,,,,,
Legion-Bane,4069941456,"""6917529438702188922""",,Rare,Helmet,campaign,Titan,1209,,Void Energy Capacity,5,Titan(1131),true,false,true,2,4,,16,2,6,6,6,12,48,0,16,2,6,6,6,12,48,0,,,Upgrade Armor*,*,*,*,*,,,,,
Holdfast Gauntlets,287888126,"""6917529206061540315""",,Legendary,Gauntlets,seasonpass,Titan,1100,,Solar Energy Capacity,6,Titan(1131),true,false,true,3,11,,12,22,10,9,12,12,77,0,2,22,10,9,12,12,67,0,combatstyle,,Mobility Mod*,Throne of Soot*,Upgrade Armor*,*,*,*,*,Siegebreak Gauntlets*,,
Holdfast Plate,1585947570,"""6917529206074039023""",,Legendary,Chest Armor,seasonpass,Titan,1100,,Solar Energy Capacity,6,Titan(1131),true,false,true,3,11,,18,17,7,6,19,8,75,0,8,17,7,6,19,8,65,0,combatstyle,,Mobility Mod*,Throne of Soot*,Upgrade Armor*,*,*,*,*,Siegebreak Plate*,,
Holdfast Greaves,1131831128,"""6917529206074033297""",,Legendary,Leg Armor,seasonpass,Titan,1100,,Solar Energy Capacity,6,Titan(1131),true,false,true,3,11,,7,20,6,12,9,12,66,0,7,20,6,12,9,12,66,0,combatstyle,,Throne of Soot*,Upgrade Armor*,*,*,*,*,Siegebreak Greaves*,,,
Holdfast Mark,1756730947,"""6917529206074034610""",,Legendary,Titan Mark,seasonpass,Titan,1100,,Solar Energy Capacity,6,Titan(1131),true,false,true,3,11,,10,0,0,0,0,0,10,0,0,0,0,0,0,0,0,0,combatstyle,,Mobility Mod*,Throne of Soot*,Upgrade Armor*,Siegebreak Mark*,,,,,,
Wormhusk Crown,3562696927,"""6917529203919436453""",,Exotic,Helmet,,Hunter,1100,,Void Energy Capacity,1,Hunter(1142),true,false,false,1,3,,7,2,17,6,6,12,50,0,7,2,17,6,6,12,50,0,combatstyle,,Change Energy Type*,*,*,*,*,Burning Souls*,,,,
Solstice Mask (Renewed),3280087347,"""6917529421594871820""",,Rare,Helmet,events,Hunter,1197,,Arc Energy Capacity,5,Hunter(1142),true,false,false,4,14,Solstice of Heroes,16,2,6,2,6,18,50,0,16,2,6,2,6,18,50,0,,,Upgrade Armor*,*,*,*,*,,,,,
Woven Firesmith Mask,2174117797,"""6917529438294383757""",,Legendary,Helmet,blackarmory,Hunter,1230,,Solar Energy Capacity,2,Hunter(1142),true,false,false,4,14,,13,11,2,8,6,12,52,0,13,11,2,8,6,12,52,0,combatstyle,,New Age Black Armory*,Upgrade Armor*,*,*,*,*,,,,
Holdfast Mask,3097544525,"""6917529204333732488""",,Legendary,Helmet,seasonpass,Hunter,1100,,Solar Energy Capacity,3,Hunter(1142),true,false,false,3,11,,12,8,6,6,13,7,52,0,12,8,6,6,13,7,52,0,combatstyle,,Upgrade Armor*,*,*,*,*,,,,,
Holdfast Mask,3097544525,"""6917529204333742032""",,Legendary,Helmet,seasonpass,Hunter,1100,,Solar Energy Capacity,1,Hunter(1142),true,false,false,3,11,,6,6,12,6,10,6,46,0,6,6,12,6,10,6,46,0,combatstyle,,Change Energy Type*,*,*,*,*,,,,,
War Mantis,856745412,"""6917529438294386418""",,Rare,Helmet,campaign,Hunter,1235,,Arc Energy Capacity,5,Hunter(1142),true,false,false,2,4,,12,2,10,6,2,17,49,0,12,2,10,6,2,17,49,0,,,Upgrade Armor*,*,*,*,*,,,,,
Wing Contender,3153956825,"""6917529204333734433""",,Legendary,Helmet,crucible,Hunter,1100,,Void Energy Capacity,1,Hunter(1142),true,false,false,3,11,,12,6,10,13,12,2,55,0,12,6,10,13,12,2,55,0,combatstyle,,Crucible Legacy*,Change Energy Type*,*,*,*,*,,,,
Khepri's Sting,2757274117,"""6917529136301977460""",,Exotic,Gauntlets,,Hunter,1100,,Solar Energy Capacity,5,Hunter(1142),true,false,false,2,7,,14,15,2,18,7,6,62,0,14,15,2,18,7,6,62,0,combatstyle,,Upgrade Armor*,*,*,*,*,Touch of Venom*,,,,
Praefectus Grips,3673119885,"""6917529412847906130""",,Legendary,Gauntlets,seasonpass,Hunter,1165,,Void Energy Capacity,1,Hunter(1142),true,false,false,4,13,,2,16,6,6,12,6,48,0,2,16,6,6,12,6,48,0,combatstyle,,Change Energy Type*,*,*,*,*,,,,,
Shadow Specter,3160437036,"""6917529204339618084""",,Rare,Gauntlets,campaign,Hunter,1100,,Arc Energy Capacity,5,Hunter(1142),true,false,false,2,4,,6,7,11,12,6,6,48,0,6,7,11,12,6,6,48,0,,,Upgrade Armor*,*,*,*,*,,,,,
Holdfast Grips,3750210364,"""6917529204333733918""",,Legendary,Gauntlets,seasonpass,Hunter,1100,,Solar Energy Capacity,6,Hunter(1142),true,false,false,3,11,,22,6,6,9,12,12,67,0,22,6,6,9,12,12,67,0,combatstyle,,Precursor Vex Chrome*,Upgrade Armor*,*,*,*,*,,,,
Holdfast Grips,3750210364,"""6917529204328071484""",,Legendary,Gauntlets,seasonpass,Hunter,1100,,Solar Energy Capacity,3,Hunter(1142),true,false,false,3,11,,14,10,2,8,8,10,52,0,14,10,2,8,8,10,52,0,combatstyle,,Upgrade Armor*,*,*,*,*,,,,,
Mythos Hack 4.1,1045948748,"""6917529438307529181""",,Rare,Gauntlets,campaign,Hunter,1232,,Arc Energy Capacity,5,Hunter(1142),true,false,false,2,4,,2,12,12,16,6,2,50,0,2,12,12,16,6,2,50,0,,,Metallic Sunset*,Upgrade Armor*,*,*,*,*,,,,
Liar's Handshake,4165919945,"""6917529125755261898""",,Exotic,Gauntlets,,Hunter,1100,,Void Energy Capacity,3,Hunter(1142),true,false,false,2,6,,9,13,10,2,8,18,60,0,9,13,10,2,8,18,60,0,combatstyle,,Upgrade Armor*,*,*,*,*,Cross Counter*,,,,
Mythos Hack 4.1,747210772,"""6917529438301209687""",,Rare,Chest Armor,campaign,Hunter,1232,,Arc Energy Capacity,5,Hunter(1142),true,false,false,2,4,,10,6,7,17,6,2,48,0,10,6,7,17,6,2,48,0,,,Metallic Sunset*,Upgrade Armor*,*,*,*,*,,,,
War Mantis,4155348771,"""6917529438323853536""",,Rare,Chest Armor,campaign,Hunter,1260,,Arc Energy Capacity,5,Hunter(1142),true,false,false,2,4,,11,10,2,10,11,2,46,0,11,10,2,10,11,2,46,0,,,Upgrade Armor*,*,*,*,*,,,,,
Wing Contender,1914589560,"""6917529204339617345""",,Legendary,Chest Armor,crucible,Hunter,1100,,Solar Energy Capacity,3,Hunter(1142),true,false,false,3,11,,6,2,20,6,8,12,54,0,6,2,20,6,8,12,54,0,combatstyle,,Crucible Legacy*,Upgrade Armor*,*,*,*,*,,,,
The Bombardiers,1219761634,"""6917529203489749445""",,Exotic,Leg Armor,,Hunter,1100,,Solar Energy Capacity,2,Hunter(1142),true,false,false,3,9,,14,8,7,14,14,2,59,0,14,8,7,14,14,2,59,0,combatstyle,,Upgrade Armor*,*,*,*,*,Parting Gift*,,,,
St0mp-EE5,193869520,"""6917529106702255804""",,Exotic,Leg Armor,,Hunter,1100,,Arc Energy Capacity,1,Hunter(1142),true,false,false,1,1,,18,6,2,10,6,6,48,0,18,6,2,10,6,6,48,0,combatstyle,,Minor Resist*,Change Energy Type*,*,*,*,*,Turbo-Kickers*,Hydraulic Boosters*,,
Strides of the Great Hunt,2298096557,"""6917529439032074299""",,Legendary,Leg Armor,lastwish,Hunter,1265,,Void Energy Capacity,3,Hunter(1142),true,false,false,4,12,,12,2,18,6,6,18,62,0,12,2,18,6,6,18,62,0,"combatstyle,lastwish",,Upgrade Armor*,*,*,*,*,,,,,
Strides of the Great Hunt,1444894250,"""6917529203874345197""",,Legendary,Leg Armor,lastwish,Hunter,1100,,Void Energy Capacity,3,Hunter(1142),true,false,false,3,11,,20,7,6,7,9,14,63,0,20,7,6,7,9,14,63,0,combatstyle,,Upgrade Armor*,*,*,*,*,,,,,
Orpheus Rig,193869523,"""6917529151433197684""",,Exotic,Leg Armor,,Hunter,1100,,Arc Energy Capacity,1,Hunter(1142),true,false,false,1,1,,12,6,6,6,12,6,48,0,12,6,6,6,12,6,48,0,combatstyle,,Precursor Vex Chrome*,Change Energy Type*,*,*,*,*,Uncanny Arrows*,,,
Praefectus Strides,48951631,"""6917529412847908945""",,Legendary,Leg Armor,seasonpass,Hunter,1174,,Void Energy Capacity,1,Hunter(1142),true,false,false,4,13,,6,6,12,6,16,2,48,0,6,6,12,6,16,2,48,0,combatstyle,,Change Energy Type*,*,*,*,*,,,,,
Strides of the Great Hunt,1444894250,"""6917529204311955119""",,Legendary,Leg Armor,lastwish,Hunter,1100,,Arc Energy Capacity,5,Hunter(1142),true,false,false,3,11,,11,14,2,10,10,12,59,0,11,14,2,10,10,12,59,0,combatstyle,,Upgrade Armor*,*,*,*,*,,,,,
Holdfast Strides,3136019014,"""6917529204333736271""",,Legendary,Leg Armor,seasonpass,Hunter,1100,,Solar Energy Capacity,6,Hunter(1142),true,false,false,3,11,,14,12,7,12,9,12,66,0,14,12,7,12,9,12,66,0,combatstyle,,Upgrade Armor*,*,*,*,*,,,,,
Holdfast Strides,3136019014,"""6917529204333732617""",,Legendary,Leg Armor,seasonpass,Hunter,1100,,Solar Energy Capacity,3,Hunter(1142),true,false,false,3,11,,11,7,8,6,12,8,52,0,11,7,8,6,12,8,52,0,combatstyle,,Upgrade Armor*,*,*,*,*,,,,,
Icarus Drifter Cape,1153347999,"""6917529203483652139""",,Legendary,Hunter Cloak,legendaryengram,Hunter,1100,,Solar Energy Capacity,1,Hunter(1142),true,false,false,3,11,,0,0,0,0,0,0,0,0,0,0,0,0,0,0,0,0,combatstyle,,Change Energy Type*,,,,,,,,,
Cloak of Retelling,1915498345,"""6917529438314849844""",,Rare,Hunter Cloak,campaign,Hunter,1251,,Solar Energy Capacity,5,Hunter(1142),true,false,false,2,4,,0,0,0,0,0,0,0,0,0,0,0,0,0,0,0,0,,,Metallic Sunset*,Upgrade Armor*,,,,,,,,
Holdfast Cloak,3673831673,"""6917529204328071357""",,Legendary,Hunter Cloak,seasonpass,Hunter,1100,,Solar Energy Capacity,6,Hunter(1142),true,false,false,3,11,,0,0,0,0,0,0,0,0,0,0,0,0,0,0,0,0,combatstyle,,Upgrade Armor*,,,,,,,,,
Holdfast Cloak,3673831673,"""6917529204328068554""",,Legendary,Hunter Cloak,seasonpass,Hunter,1100,,Solar Energy Capacity,1,Hunter(1142),true,false,false,3,11,,0,0,0,0,0,0,0,0,0,0,0,0,0,0,0,0,combatstyle,,Change Energy Type*,,,,,,,,,
Ancient Apocalypse Cloak,436615288,"""6917529204333738001""",,Legendary,Hunter Cloak,drifter,Hunter,1100,,Solar Energy Capacity,1,Hunter(1142),true,false,false,3,11,,0,0,0,0,0,0,0,0,0,0,0,0,0,0,0,0,combatstyle,,Gambit Leather*,Change Energy Type*,,,,,,,,
Holdfast Mask,3097544525,"""6917529206074036930""",,Legendary,Helmet,seasonpass,Hunter,1100,,Solar Energy Capacity,6,Hunter(1142),true,false,true,3,11,,16,7,19,11,14,6,73,0,16,7,9,11,14,6,63,0,combatstyle,,Recovery Mod*,Ashes to Assets*,Argent Ordnance*,Abyssinian Gold*,Upgrade Armor*,*,*,*,*,Wildwood Mask*
Grips of the Great Hunt,3889633083,"""6917529438206340818""",,Legendary,Gauntlets,lastwish,Hunter,1218,,Arc Energy Capacity,3,Hunter(1142),true,true,true,4,12,,7,6,17,12,7,12,61,0,7,6,17,12,7,12,61,0,"combatstyle,lastwish",,Anti-Barrier Auto Rifle*,Blast Radius*,Abyssinian Gold*,Upgrade Armor*,*,*,*,*,Siegebreak Grips*,
Holdfast Vest,2930001572,"""6917529206074032270""",,Legendary,Chest Armor,seasonpass,Hunter,1100,,Solar Energy Capacity,6,Hunter(1142),true,false,true,3,11,,16,12,16,6,19,8,77,0,16,12,6,6,19,8,67,0,combatstyle,,Recovery Mod*,Sniper Damage Resistance*,Concussive Dampener*,Abyssinian Gold*,Upgrade Armor*,*,*,*,*,Icarus Drifter Vest*
Strides of the Great Hunt,2298096557,"""6917529424315066943""",,Legendary,Leg Armor,lastwish,Hunter,1216,,Void Energy Capacity,3,Hunter(1142),true,false,true,4,12,,2,18,7,16,12,6,61,0,2,18,7,16,12,6,61,0,"combatstyle,lastwish",,Taking Charge*,Abyssinian Gold*,Upgrade Armor*,*,*,*,*,Siegebreak Strides*,,
Holdfast Cloak,3673831673,"""6917529204328068289""",,Legendary,Hunter Cloak,seasonpass,Hunter,1100,,Solar Energy Capacity,3,Hunter(1142),true,false,true,3,11,,0,0,0,5,0,0,5,0,0,0,0,0,0,0,0,0,combatstyle,,Minor Discipline Mod*,Unstoppable Schwarzschild Condensor*,Abyssinian Gold*,Upgrade Armor*,Phenotype Plasticity Cloak*,,,,,
Holdfast Gloves,327547301,"""6917529204762649420""",,Legendary,Gauntlets,seasonpass,Warlock,1100,,Arc Energy Capacity,2,Warlock(1260),true,false,false,3,11,,9,19,2,21,2,6,59,0,9,19,2,21,2,6,59,0,combatstyle,,Upgrade Armor*,*,*,*,*,,,,,
Scorned Baron Robes,4214131061,"""6917529412014275516""",,Legendary,Chest Armor,tangled,Warlock,1267,,Solar Energy Capacity,4,Warlock(1260),true,false,false,4,12,,10,10,12,12,15,2,61,0,10,10,12,12,15,2,61,0,combatstyle,,Upgrade Armor*,*,*,*,*,,,,,
Philomath Boots,3084633087,"""6917529437942896807""",,Legendary,Leg Armor,legendaryengram,Warlock,1309,,Solar Energy Capacity,4,Warlock(1260),true,false,false,4,12,,11,2,12,6,7,12,50,0,11,2,12,6,7,12,50,0,combatstyle,,Upgrade Armor*,*,*,*,*,,,,,
Wing Theorem,641063251,"""6917529204751317916""",,Legendary,Leg Armor,crucible,Warlock,1310,,Solar Energy Capacity,8,Warlock(1260),true,true,false,3,11,,2,2,23,11,12,2,52,0,2,2,23,11,12,2,52,0,combatstyle,,Precursor Vex Chrome*,Upgrade Armor*,*,*,*,*,,,,
Celestine Bond (Magnificent),1362709750,"""6917529417869177963""",,Legendary,Warlock Bond,events,Warlock,1285,,Void Energy Capacity,1,Warlock(1260),true,true,false,4,14,Solstice of Heroes,0,0,0,0,0,0,0,0,0,0,0,0,0,0,0,0,combatstyle,,Change Energy Type*,,,,,,,,,
Coronation Bond,2165598463,"""6917529206055992035""",,Legendary,Warlock Bond,nm,Warlock,1100,,Solar Energy Capacity,2,Warlock(1260),true,true,false,3,10,,0,0,0,0,0,0,0,0,0,0,0,0,0,0,0,0,combatstyle,,Upgrade Armor*,,,,,,,,,
Dreamer's Bond,320310251,"""6917529099082479096""",favorite,Common,Warlock Bond,campaign,Warlock,21,,Arc Energy Capacity,5,Warlock(1260),true,true,false,1,1,,0,0,0,0,0,0,0,0,0,0,0,0,0,0,0,0,,,Upgrade Armor*,,,,,,,,,
Nezarec's Sin,3381022971,"""6917529395725968203""",,Exotic,Helmet,,Warlock,1310,,Solar Energy Capacity,10,Warlock(1260),true,true,true,1,1,,12,5,25,14,15,9,80,0,10,3,23,12,13,7,68,0,combatstyle,,Precursor Vex Chrome*,Upgrade Armor*,*,*,*,*,Abyssal Extractors*,,,
Holdfast Gloves,327547301,"""6917529203854143804""",,Legendary,Gauntlets,seasonpass,Warlock,1298,,Solar Energy Capacity,9,Warlock(1260),true,true,true,3,11,,6,6,22,9,12,12,67,0,6,6,22,9,12,12,67,0,combatstyle,,Precursor Vex Chrome*,Upgrade Armor*,*,*,*,*,,,,
Exodus Down Robes,2210204488,"""6917529438940252441""",,Legendary,Chest Armor,nessus,Warlock,1100,,Arc Energy Capacity,1,Warlock(1260),true,false,true,4,14,,2,2,26,13,14,2,59,0,2,2,26,13,14,2,59,0,combatstyle,,Change Energy Type*,*,*,*,*,,,,,
Holdfast Boots,674876967,"""6917529204117908925""",,Legendary,Leg Armor,seasonpass,Warlock,1100,,Solar Energy Capacity,6,Warlock(1260),true,true,true,3,11,,7,6,20,12,9,12,66,0,7,6,20,12,9,12,66,0,combatstyle,,Upgrade Armor*,*,*,*,*,,,,,
Stella Incognita Bond,1730282946,"""6917529203114463586""",,Legendary,Warlock Bond,do,Warlock,1310,,Solar Energy Capacity,10,Warlock(1260),true,true,true,3,10,,2,2,2,2,2,2,12,0,0,0,0,0,0,0,0,0,combatstyle,,Precursor Vex Chrome*,Upgrade Armor*,,,,,,,,
Philomath Boots,3084633087,"""6917529417745452656""",,Legendary,Leg Armor,legendaryengram,Warlock,1263,,Solar Energy Capacity,1,Vault,true,false,false,4,12,,13,14,2,12,7,7,55,0,13,14,2,12,7,7,55,0,combatstyle,,Change Energy Type*,*,*,*,*,,,,,
Thorium Holt Gloves,2618290591,"""6917529413692542228""",,Legendary,Gauntlets,legendaryengram,Warlock,1279,,Solar Energy Capacity,1,Vault,true,false,false,4,13,,12,2,13,10,7,8,52,0,12,2,13,10,7,8,52,0,combatstyle,,Change Energy Type*,*,*,*,*,,,,,
Lightkin Robes,2146386894,"""6917529438274403034""",,Legendary,Chest Armor,servitor,Warlock,1307,,Arc Energy Capacity,2,Vault,true,false,false,4,14,,7,12,7,13,13,2,54,0,7,12,7,13,13,2,54,0,combatstyle,,Upgrade Armor*,*,*,*,*,,,,,
Lightkin Cover,1245678091,"""6917529437942892387""",,Legendary,Helmet,servitor,Warlock,1310,,Void Energy Capacity,2,Vault,true,false,false,4,14,,6,10,16,9,20,2,63,0,6,10,16,9,20,2,63,0,combatstyle,,Upgrade Armor*,*,*,*,*,,,,,
Lightkin Robes,2146386894,"""6917529413532149462""",,Legendary,Chest Armor,servitor,Warlock,1278,,Arc Energy Capacity,1,Vault,true,false,false,4,14,,12,7,6,11,12,2,50,0,12,7,6,11,12,2,50,0,combatstyle,,Change Energy Type*,*,*,*,*,,,,,
Philomath Gloves,760584029,"""6917529417821919328""",,Legendary,Gauntlets,legendaryengram,Warlock,1280,,Arc Energy Capacity,4,Vault,true,false,false,4,12,,7,2,17,7,12,6,51,0,7,2,17,7,12,6,51,0,combatstyle,,Upgrade Armor*,*,*,*,*,,,,,
Wild Hunt Hood,251310542,"""6917529421321074102""",,Legendary,Helmet,seasonpass,Warlock,1294,,Void Energy Capacity,5,Vault,true,false,false,4,12,,11,2,15,12,12,6,58,0,11,2,15,12,12,6,58,0,combatstyle,,Upgrade Armor*,*,*,*,*,,,,,
Holdfast Cover,1173249516,"""6917529206092216064""",,Legendary,Helmet,seasonpass,Warlock,1100,,Arc Energy Capacity,5,Vault,true,false,false,3,11,,15,13,2,7,22,2,61,0,15,13,2,7,22,2,61,0,combatstyle,,Upgrade Armor*,*,*,*,*,,,,,
Annealed Shaper Gloves,2615721245,"""6917529412793096577""",,Legendary,Gauntlets,blackarmory,Warlock,1275,,Void Energy Capacity,2,Vault,true,false,false,4,14,,8,7,14,8,12,6,55,0,8,7,14,8,12,6,55,0,combatstyle,,New Age Black Armory*,Upgrade Armor*,*,*,*,*,,,,
Tesseract Trace IV,695071581,"""6917529206015873530""",favorite,Legendary,Chest Armor,legendaryengram,Warlock,1100,,Solar Energy Capacity,3,Vault,true,true,false,3,11,,8,12,8,18,7,2,55,0,8,12,8,18,7,2,55,0,combatstyle,,Upgrade Armor*,*,*,*,*,,,,,
Philomath Cover,1196270212,"""6917529417742076913""",,Legendary,Helmet,legendaryengram,Warlock,1281,,Arc Energy Capacity,2,Vault,true,false,false,4,12,,9,8,12,6,12,9,56,0,9,8,12,6,12,9,56,0,combatstyle,,Upgrade Armor*,*,*,*,*,,,,,
Holdfast Gloves,327547301,"""6917529206003868360""",,Legendary,Gauntlets,seasonpass,Warlock,1100,,Arc Energy Capacity,6,Vault,true,false,false,3,11,,8,7,15,7,8,14,59,0,8,7,15,7,8,14,59,0,combatstyle,,Upgrade Armor*,*,*,*,*,,,,,
Holdfast Cover,1173249516,"""6917529206003862847""",,Legendary,Helmet,seasonpass,Warlock,1100,,Arc Energy Capacity,6,Vault,true,true,false,3,11,,7,2,19,15,12,2,57,0,7,2,19,15,12,2,57,0,combatstyle,,Precursor Vex Chrome*,Upgrade Armor*,*,*,*,*,,,,
Nezarec's Sin,3381022971,"""6917529124130132110""",,Exotic,Helmet,,Warlock,1100,,Void Energy Capacity,8,Vault,true,true,false,1,1,,10,7,7,6,6,10,46,0,10,7,7,6,6,10,46,0,combatstyle,,Precursor Vex Chrome*,Upgrade Armor*,*,*,*,*,Abyssal Extractors*,,,
Claws of Ahamkara,3288917178,"""6917529423575135758""",,Exotic,Gauntlets,,Warlock,1307,,Solar Energy Capacity,1,Vault,true,false,false,1,3,,8,2,23,7,6,16,62,0,8,2,23,7,6,16,62,0,combatstyle,,Change Energy Type*,*,*,*,*,The Whispers*,,,,
Philomath Robes,282139107,"""6917529422409557879""",,Legendary,Chest Armor,legendaryengram,Warlock,1298,,Void Energy Capacity,2,Vault,true,false,false,4,12,,17,6,2,12,8,6,51,0,17,6,2,12,8,6,51,0,combatstyle,,Upgrade Armor*,*,*,*,*,,,,,
Crown of Tempests,3381022969,"""6917529122998851845""",,Exotic,Helmet,,Warlock,1100,,Arc Energy Capacity,4,Vault,true,true,false,1,1,,13,6,7,6,12,6,50,0,13,6,7,6,12,6,50,0,combatstyle,,Upgrade Armor*,*,*,*,*,Conduction Tines*,,,,
Tesseract Trace IV,695071581,"""6917529204123881224""",,Legendary,Chest Armor,legendaryengram,Warlock,1100,,Arc Energy Capacity,1,Vault,true,true,false,3,11,,10,6,15,14,14,2,61,0,10,6,15,14,14,2,61,0,combatstyle,,Change Energy Type*,*,*,*,*,,,,,
Wing Theorem,3441081953,"""6917529203650339756""",,Legendary,Gauntlets,crucible,Warlock,1100,,Arc Energy Capacity,5,Vault,true,true,false,3,11,,13,2,15,6,8,13,57,0,13,2,15,6,8,13,57,0,combatstyle,,Crucible Legacy*,Upgrade Armor*,*,*,*,*,,,,
Annealed Shaper Crown,2668526660,"""6917529417865622602""",,Legendary,Helmet,blackarmory,Warlock,1282,,Solar Energy Capacity,4,Vault,true,false,false,4,14,,18,9,2,7,11,8,55,0,18,9,2,7,11,8,55,0,combatstyle,,New Age Black Armory*,Upgrade Armor*,*,*,*,*,,,,
Thorium Holt Gloves,2618290591,"""6917529417706301244""",,Legendary,Gauntlets,legendaryengram,Warlock,1286,,Arc Energy Capacity,3,Vault,true,false,false,4,13,,11,12,2,2,6,19,52,0,11,12,2,2,6,19,52,0,combatstyle,,Upgrade Armor*,*,*,*,*,,,,,
Wing Theorem,2286507447,"""6917529203655765956""",,Legendary,Chest Armor,crucible,Warlock,1100,,Arc Energy Capacity,5,Vault,true,true,false,3,11,,24,2,2,11,7,8,54,0,24,2,2,11,7,8,54,0,combatstyle,,Crucible Legacy*,Upgrade Armor*,*,*,*,*,,,,
Philomath Boots,3084633087,"""6917529419165583073""",,Legendary,Leg Armor,legendaryengram,Warlock,1289,,Arc Energy Capacity,2,Vault,true,false,false,4,12,,12,9,6,7,17,2,53,0,12,9,6,7,17,2,53,0,combatstyle,,Upgrade Armor*,*,*,*,*,,,,,
Claws of Ahamkara,3288917178,"""6917529437433934549""",,Exotic,Gauntlets,,Warlock,1308,,Arc Energy Capacity,5,Vault,true,false,false,1,3,,2,20,12,15,2,15,66,0,2,20,12,15,2,15,66,0,combatstyle,,Upgrade Armor*,*,*,*,*,The Whispers*,,,,
Holdfast Gloves,327547301,"""6917529205181740339""",,Legendary,Gauntlets,seasonpass,Warlock,1100,,Arc Energy Capacity,2,Vault,true,true,false,3,11,,6,7,12,12,6,8,51,0,6,7,12,12,6,8,51,0,combatstyle,,Upgrade Armor*,*,*,*,*,,,,,
Apotheosis Veil,1096253259,"""6917529412834336791""",,Exotic,Helmet,,Warlock,1279,,Solar Energy Capacity,2,Vault,true,false,false,1,3,,8,9,16,10,21,2,66,0,8,9,16,10,21,2,66,0,combatstyle,,Upgrade Armor*,*,*,*,*,Insatiable*,,,,
Holdfast Cover,1173249516,"""6917529203108902890""",,Legendary,Helmet,seasonpass,Warlock,1100,,Arc Energy Capacity,3,Vault,true,true,false,3,11,,7,2,18,7,13,6,53,0,7,2,18,7,13,6,53,0,combatstyle,,Upgrade Armor*,*,*,*,*,,,,,
Wing Theorem,2286507447,"""6917529204117902803""",,Legendary,Chest Armor,crucible,Warlock,1100,,Solar Energy Capacity,5,Vault,true,true,false,3,11,,6,2,18,8,11,7,52,0,6,2,18,8,11,7,52,0,combatstyle,,Crucible Legacy*,Upgrade Armor*,*,*,*,*,,,,
Sovereign Hood,446438979,"""6917529206015872650""",,Legendary,Helmet,nm,Warlock,1100,,Solar Energy Capacity,5,Vault,true,false,false,3,10,,19,2,6,15,10,2,54,0,19,2,6,15,10,2,54,0,combatstyle,,Upgrade Armor*,*,*,*,*,,,,,
Celestine Hood (Magnificent),139281386,"""6917529427653294979""",,Legendary,Helmet,events,Warlock,1308,,Void Energy Capacity,1,Vault,true,false,false,4,14,Solstice of Heroes,12,6,9,13,6,12,58,0,12,6,9,13,6,12,58,0,combatstyle,,Change Energy Type*,*,*,*,*,,,,,
Philomath Gloves,760584029,"""6917529437912175436""",,Legendary,Gauntlets,legendaryengram,Warlock,1290,,Void Energy Capacity,1,Vault,true,false,false,4,12,,2,14,13,2,25,2,58,0,2,14,13,2,25,2,58,0,combatstyle,,Change Energy Type*,*,*,*,*,,,,,
Claws of Ahamkara,3288917178,"""6917529412102405212""",,Exotic,Gauntlets,,Warlock,1265,,Solar Energy Capacity,1,Vault,true,false,false,1,3,,10,2,22,2,9,19,64,0,10,2,22,2,9,19,64,0,combatstyle,,Change Energy Type*,*,*,*,*,The Whispers*,,,,
Holdfast Boots,674876967,"""6917529206137842330""",,Legendary,Leg Armor,seasonpass,Warlock,1100,,Void Energy Capacity,5,Vault,true,false,false,3,11,,9,6,18,16,6,6,61,0,9,6,18,16,6,6,61,0,combatstyle,,Upgrade Armor*,*,*,*,*,,,,,
Ego Talon IV,3709048818,"""6917529412811781678""",,Legendary,Gauntlets,ikora,Warlock,1274,,Solar Energy Capacity,2,Vault,true,false,false,0,,,18,6,2,8,13,6,53,0,18,6,2,8,13,6,53,0,combatstyle,,Upgrade Armor*,*,*,*,*,,,,,
Holdfast Boots,674876967,"""6917529204419580273""",,Legendary,Leg Armor,seasonpass,Warlock,1100,,Solar Energy Capacity,5,Vault,true,true,false,3,11,,10,9,9,8,20,2,58,0,10,9,9,8,20,2,58,0,combatstyle,,Upgrade Armor*,*,*,*,*,,,,,
Holdfast Boots,674876967,"""6917529206055987683""",,Legendary,Leg Armor,seasonpass,Warlock,1100,,Solar Energy Capacity,4,Vault,true,false,false,3,11,,7,10,14,8,8,13,60,0,7,10,14,8,8,13,60,0,combatstyle,,Upgrade Armor*,*,*,*,*,,,,,
Simulator Hood,2538410394,"""6917529204189514328""",,Legendary,Helmet,fwc,Warlock,1100,,Solar Energy Capacity,4,Vault,true,false,false,3,10,,2,17,11,12,13,2,57,0,2,17,11,12,13,2,57,0,combatstyle,,Upgrade Armor*,*,*,*,*,,,,,
Annealed Shaper Gloves,2615721245,"""6917529427653300804""",,Legendary,Gauntlets,blackarmory,Warlock,1308,,Solar Energy Capacity,1,Vault,true,false,false,4,14,,13,8,7,2,13,14,57,0,13,8,7,2,13,14,57,0,combatstyle,,New Age Black Armory*,Change Energy Type*,*,*,*,*,,,,
Holdfast Gloves,327547301,"""6917529206055987298""",,Legendary,Gauntlets,seasonpass,Warlock,1100,,Void Energy Capacity,3,Vault,true,false,false,3,11,,16,8,6,2,12,15,59,0,16,8,6,2,12,15,59,0,combatstyle,,Upgrade Armor*,*,*,*,*,,,,,
Phobos Warden Cowl,3074679271,"""6917529412130292631""",,Legendary,Helmet,strikes,Warlock,1270,,Solar Energy Capacity,4,Vault,true,false,false,4,14,,6,20,2,7,8,16,59,0,6,20,2,7,8,16,59,0,combatstyle,,Upgrade Armor*,*,*,*,*,,,,,
Wing Theorem,641063251,"""6917529206021215134""",,Legendary,Leg Armor,crucible,Warlock,1100,,Solar Energy Capacity,4,Vault,true,false,false,3,11,,9,7,14,11,13,2,56,0,9,7,14,11,13,2,56,0,combatstyle,,Crucible Legacy*,Upgrade Armor*,*,*,*,*,,,,
Tesseract Trace IV,2339155434,"""6917529417834093456""",,Legendary,Helmet,legendaryengram,Warlock,1285,,Arc Energy Capacity,1,Vault,true,false,false,3,11,,2,16,12,12,9,10,61,0,2,16,12,12,9,10,61,0,combatstyle,,Change Energy Type*,*,*,*,*,,,,,
Wild Hunt Gloves,1276513983,"""6917529437937150076""",,Legendary,Gauntlets,seasonpass,Warlock,1307,,Void Energy Capacity,3,Vault,true,false,false,4,12,,6,15,10,6,8,14,59,0,6,15,10,6,8,14,59,0,combatstyle,,Upgrade Armor*,*,*,*,*,,,,,
Holdfast Cover,1173249516,"""6917529204768635145""",,Legendary,Helmet,seasonpass,Warlock,1100,,Solar Energy Capacity,7,Vault,true,true,false,3,11,,8,10,14,11,14,6,63,0,8,10,14,11,14,6,63,0,combatstyle,,Precursor Vex Chrome*,Upgrade Armor*,*,*,*,*,,,,
Claws of Ahamkara,3288917178,"""6917529203483658656""",,Exotic,Gauntlets,,Warlock,1100,,Void Energy Capacity,2,Vault,true,true,false,1,3,,8,9,14,14,12,2,59,0,8,9,14,14,12,2,59,0,combatstyle,,Upgrade Armor*,*,*,*,*,The Whispers*,,,,
Claws of Ahamkara,3288917178,"""6917529423687968341""",,Exotic,Gauntlets,,Warlock,1308,,Solar Energy Capacity,2,Vault,true,false,false,1,3,,2,22,9,11,2,17,63,0,2,22,9,11,2,17,63,0,combatstyle,,Upgrade Armor*,*,*,*,*,The Whispers*,,,,
Holdfast Cover,1173249516,"""6917529205560833095""",,Legendary,Helmet,seasonpass,Warlock,1100,,Arc Energy Capacity,2,Vault,true,false,false,3,11,,2,8,18,9,14,8,59,0,2,8,18,9,14,8,59,0,combatstyle,,Upgrade Armor*,*,*,*,*,,,,,
Wild Hunt Vestment,317220729,"""6917529411814320355""",,Legendary,Chest Armor,seasonpass,Warlock,1262,,Arc Energy Capacity,7,Vault,true,false,false,4,12,,2,2,28,2,25,2,61,0,2,2,28,2,25,2,61,0,combatstyle,,Precursor Vex Chrome*,Upgrade Armor*,*,*,*,*,,,,
Insight Vikti Hood,597618504,"""6917529271639518603""",,Legendary,Helmet,legendaryengram,Warlock,1115,,Void Energy Capacity,4,Vault,true,true,false,3,11,,12,10,2,18,7,2,51,0,12,10,2,18,7,2,51,0,combatstyle,,Upgrade Armor*,*,*,*,*,,,,,
Philomath Cover,1196270212,"""6917529271901662520""",,Legendary,Helmet,legendaryengram,Warlock,1110,,Arc Energy Capacity,4,Vault,true,false,false,4,12,,7,11,6,7,14,6,51,0,7,11,6,7,14,6,51,0,combatstyle,,Upgrade Armor*,*,*,*,*,,,,,
Contraverse Hold,1906093346,"""6917529104896166896""",,Exotic,Gauntlets,,Warlock,1100,,Void Energy Capacity,5,Vault,true,true,false,2,4,,6,6,12,12,6,6,48,0,6,6,12,12,6,6,48,0,combatstyle,,Upgrade Armor*,*,*,*,*,Chaotic Exchanger*,,,,
Holdfast Gloves,327547301,"""6917529206050229830""",,Legendary,Gauntlets,seasonpass,Warlock,1100,,Arc Energy Capacity,3,Vault,true,false,false,3,11,,10,6,13,10,19,2,60,0,10,6,13,10,19,2,60,0,combatstyle,,Upgrade Armor*,*,*,*,*,,,,,
Insight Vikti Boots,2837138379,"""6917529271627523352""",,Legendary,Leg Armor,legendaryengram,Warlock,1120,,Solar Energy Capacity,2,Vault,true,true,false,3,11,,8,6,12,6,7,13,52,0,8,6,12,6,7,13,52,0,combatstyle,,Upgrade Armor*,*,*,*,*,,,,,
Holdfast Robes,119457531,"""6917529206055986739""",,Legendary,Chest Armor,seasonpass,Warlock,1100,,Arc Energy Capacity,3,Vault,true,false,false,3,11,,20,2,7,13,12,2,56,0,20,2,7,13,12,2,56,0,combatstyle,,Upgrade Armor*,*,*,*,*,,,,,
Holdfast Cover,1173249516,"""6917529206075113990""",,Legendary,Helmet,seasonpass,Warlock,1100,,Arc Energy Capacity,3,Vault,true,false,false,3,11,,2,7,18,17,2,6,52,0,2,7,18,17,2,6,52,0,combatstyle,,Upgrade Armor*,*,*,*,*,,,,,
Celestine Boots (Magnificent),4012977685,"""6917529427653295768""",,Legendary,Leg Armor,events,Warlock,1310,,Solar Energy Capacity,3,Vault,true,false,false,4,14,Solstice of Heroes,12,7,7,9,12,9,56,0,12,7,7,9,12,9,56,0,combatstyle,,Upgrade Armor*,*,*,*,*,,,,,
Insight Vikti Boots,2837138379,"""6917529271919571359""",,Legendary,Leg Armor,legendaryengram,Warlock,1110,,Arc Energy Capacity,2,Vault,true,false,false,3,11,,2,7,16,2,16,8,51,0,2,7,16,2,16,8,51,0,combatstyle,,Upgrade Armor*,*,*,*,*,,,,,
Philomath Boots,3084633087,"""6917529271907889945""",,Legendary,Leg Armor,legendaryengram,Warlock,1138,,Arc Energy Capacity,2,Vault,true,false,false,4,12,,12,10,6,20,2,7,57,0,12,10,6,20,2,7,57,0,combatstyle,,Upgrade Armor*,*,*,*,*,,,,,
Karnstein Armlets,3844826440,"""6917529419217194095""",,Exotic,Gauntlets,,Warlock,1295,,Solar Energy Capacity,4,Vault,true,false,false,1,1,,14,15,3,2,8,20,62,0,14,15,3,2,8,20,62,0,combatstyle,,Upgrade Armor*,*,*,*,*,Vampire's Caress*,,,,
Karnstein Armlets,3844826440,"""6917529419924219561""",,Exotic,Gauntlets,,Warlock,1292,,Void Energy Capacity,1,Vault,true,false,false,1,1,,7,7,16,2,21,6,59,0,7,7,16,2,21,6,59,0,combatstyle,,Change Energy Type*,*,*,*,*,Vampire's Caress*,,,,
Celestine Boots (Magnificent),4012977685,"""6917529427658510676""",,Legendary,Leg Armor,events,Warlock,1308,,Void Energy Capacity,1,Vault,true,false,false,4,14,Solstice of Heroes,2,2,22,6,14,7,53,0,2,2,22,6,14,7,53,0,combatstyle,,Change Energy Type*,*,*,*,*,,,,,
Holdfast Cover,1173249516,"""6917529204129633916""",,Legendary,Helmet,seasonpass,Warlock,1100,,Void Energy Capacity,3,Vault,true,true,false,3,11,,21,6,2,9,2,17,57,0,21,6,2,9,2,17,57,0,combatstyle,,Upgrade Armor*,*,*,*,*,,,,,
Thorium Holt Hood,1592984110,"""6917529423614470352""",,Legendary,Helmet,legendaryengram,Warlock,1304,,Solar Energy Capacity,3,Vault,true,false,false,4,13,,7,12,9,2,12,12,54,0,7,12,9,2,12,12,54,0,combatstyle,,Upgrade Armor*,*,*,*,*,,,,,
Celestine Boots (Magnificent),4012977685,"""6917529427658510262""",,Legendary,Leg Armor,events,Warlock,1307,,Solar Energy Capacity,1,Vault,true,false,false,4,14,Solstice of Heroes,6,18,2,6,20,2,54,0,6,18,2,6,20,2,54,0,combatstyle,,Change Energy Type*,*,*,*,*,,,,,
Holdfast Robes,119457531,"""6917529205560840773""",,Legendary,Chest Armor,seasonpass,Warlock,1100,,Arc Energy Capacity,3,Vault,true,true,false,3,11,,7,2,18,6,23,2,58,0,7,2,18,6,23,2,58,0,combatstyle,,Upgrade Armor*,*,*,*,*,,,,,
Karnstein Armlets,3844826440,"""6917529123522251828""",,Exotic,Gauntlets,,Warlock,1100,,Void Energy Capacity,1,Vault,true,false,false,1,1,,6,7,13,6,10,6,48,0,6,7,13,6,10,6,48,0,combatstyle,,Change Energy Type*,*,*,*,*,Vampire's Caress*,,,,
Contraverse Hold,1906093346,"""6917529423680532793""",,Exotic,Gauntlets,,Warlock,1308,,Solar Energy Capacity,3,Vault,true,false,false,2,4,,15,15,4,15,2,13,64,0,15,15,4,15,2,13,64,0,combatstyle,,Upgrade Armor*,*,*,*,*,Chaotic Exchanger*,,,,
Vesper of Radius,1725917554,"""6917529419932592612""",,Exotic,Chest Armor,,Warlock,1294,,Void Energy Capacity,1,Vault,true,false,false,1,2,,9,12,13,22,2,8,66,0,9,12,13,22,2,8,66,0,combatstyle,,Change Energy Type*,*,*,*,*,Planetary Torrent*,,,,
Insight Vikti Hood,597618504,"""6917529203616675409""",,Legendary,Helmet,legendaryengram,Warlock,1100,,Arc Energy Capacity,4,Vault,true,true,false,3,11,,19,10,2,22,6,2,61,0,19,10,2,22,6,2,61,0,combatstyle,,Upgrade Armor*,*,*,*,*,,,,,
Claws of Ahamkara,3288917178,"""6917529206251912483""",,Exotic,Gauntlets,,Warlock,1100,,Arc Energy Capacity,4,Vault,true,false,false,1,3,,13,12,9,22,2,6,64,0,13,12,9,22,2,6,64,0,combatstyle,,Upgrade Armor*,*,*,*,*,The Whispers*,,,,
Sanguine Alchemy,3070555693,"""6917529206569144842""",,Exotic,Chest Armor,,Warlock,1100,,Arc Energy Capacity,3,Vault,true,false,false,1,3,,11,11,10,6,10,14,62,0,11,11,10,6,10,14,62,0,combatstyle,,Upgrade Armor*,*,*,*,*,Blood Magic*,,,,
Chromatic Fire,4057299718,"""6917529103514477268""",,Exotic,Chest Armor,,Warlock,1100,,Arc Energy Capacity,2,Vault,true,false,false,2,4,,9,11,13,19,7,2,61,0,9,11,13,19,7,2,61,0,combatstyle,,Upgrade Armor*,*,*,*,*,Crystalline Transistor*,,,,
Philomath Cover,1196270212,"""6917529412163845901""",,Legendary,Helmet,legendaryengram,Warlock,1267,,Arc Energy Capacity,2,Vault,true,false,false,4,12,,18,2,6,2,7,21,56,0,18,2,6,2,7,21,56,0,combatstyle,,Upgrade Armor*,*,*,*,*,,,,,
The Stag,2177524718,"""6917529206377380403""",,Exotic,Helmet,,Warlock,1100,,Solar Energy Capacity,2,Vault,true,false,false,1,2,,14,2,14,6,8,18,62,0,14,2,14,6,8,18,62,0,combatstyle,,Upgrade Armor*,*,*,*,*,Dearly Departed*,,,,
Annealed Shaper Boots,261922239,"""6917529417830603728""",,Legendary,Leg Armor,blackarmory,Warlock,1288,,Void Energy Capacity,1,Vault,true,false,false,4,14,,13,8,7,11,7,8,54,0,13,8,7,11,7,8,54,0,combatstyle,,New Age Black Armory*,Change Energy Type*,*,*,*,*,,,,
Chromatic Fire,4057299718,"""6917529423885107918""",,Exotic,Chest Armor,,Warlock,1310,,Arc Energy Capacity,1,Vault,true,false,false,2,4,,9,15,9,15,6,10,64,0,9,15,9,15,6,10,64,0,combatstyle,,Change Energy Type*,*,*,*,*,Crystalline Transistor*,,,,
Eimin-Tin Ritual Mask,3634942770,"""6917529422413443305""",,Legendary,Helmet,tangled,Warlock,1301,,Arc Energy Capacity,1,Vault,true,false,false,4,12,,7,2,17,7,11,8,52,0,7,2,17,7,11,8,52,0,combatstyle,,Change Energy Type*,*,*,*,*,,,,,
Phoenix Protocol,4057299719,"""6917529206382676953""",,Exotic,Chest Armor,,Warlock,1100,,Solar Energy Capacity,3,Vault,true,false,false,2,4,,10,6,18,12,9,9,64,0,10,6,18,12,9,9,64,0,combatstyle,,Upgrade Armor*,*,*,*,*,Battle-Hearth*,,,,
Wings of Sacred Dawn,370930766,"""6917529104940984765""",,Exotic,Chest Armor,,Warlock,1100,,Solar Energy Capacity,1,Vault,true,true,false,1,1,,14,6,7,6,12,6,51,0,14,6,7,6,12,6,51,0,combatstyle,,Change Energy Type*,*,*,*,*,Tome of Dawn*,,,,
Wild Hunt Boots,197764097,"""6917529423625622140""",,Legendary,Leg Armor,seasonpass,Warlock,1305,,Arc Energy Capacity,1,Vault,true,false,false,4,12,,7,6,13,14,7,7,54,0,7,6,13,14,7,7,54,0,combatstyle,,Change Energy Type*,*,*,*,*,,,,,
Wings of Sacred Dawn,370930766,"""6917529426036190500""",,Exotic,Chest Armor,,Warlock,1308,,Solar Energy Capacity,2,Vault,true,false,false,1,1,,12,12,11,7,2,20,64,0,12,12,11,7,2,20,64,0,combatstyle,,Upgrade Armor*,*,*,*,*,Tome of Dawn*,,,,
Lunafaction Boots,4136768282,"""6917529426036182234""",,Exotic,Leg Armor,,Warlock,1310,,Arc Energy Capacity,3,Vault,true,false,false,1,1,,12,3,17,10,20,2,64,0,12,3,17,10,20,2,64,0,combatstyle,,Upgrade Armor*,*,*,*,*,Alchemical Etchings*,,,,
Philomath Cover,1196270212,"""6917529423112704847""",,Legendary,Helmet,legendaryengram,Warlock,1304,,Arc Energy Capacity,1,Vault,true,false,false,4,12,,6,7,13,13,6,7,52,0,6,7,13,13,6,7,52,0,combatstyle,,Change Energy Type*,*,*,*,*,,,,,
Aeon Soul,2950045886,"""6917529124925113487""",,Exotic,Gauntlets,,Warlock,1100,,Void Energy Capacity,3,Vault,true,false,false,1,2,,9,15,7,8,7,14,60,0,9,15,7,8,7,14,60,0,combatstyle,,Upgrade Armor*,*,*,*,*,Sect of Force*,,,,
Annealed Shaper Robes,2011267747,"""6917529417834097343""",,Legendary,Chest Armor,blackarmory,Warlock,1264,,Void Energy Capacity,3,Vault,true,false,false,4,14,,9,12,6,7,8,12,54,0,9,12,6,7,8,12,54,0,combatstyle,,New Age Black Armory*,Upgrade Armor*,*,*,*,*,,,,
Holdfast Robes,119457531,"""6917529206003867359""",,Legendary,Chest Armor,seasonpass,Warlock,1100,,Arc Energy Capacity,4,Vault,true,false,false,3,11,,24,2,6,20,2,6,60,0,24,2,6,20,2,6,60,0,combatstyle,,Upgrade Armor*,*,*,*,*,,,,,
Holdfast Gloves,327547301,"""6917529205548848747""",,Legendary,Gauntlets,seasonpass,Warlock,1100,,Arc Energy Capacity,4,Vault,true,true,false,3,11,,9,2,22,12,8,7,60,0,9,2,22,12,8,7,60,0,combatstyle,,Upgrade Armor*,*,*,*,*,,,,,
Thorium Holt Hood,1592984110,"""6917529411176424896""",,Legendary,Helmet,legendaryengram,Warlock,1258,,Arc Energy Capacity,3,Vault,true,false,false,4,13,,12,2,16,6,8,12,56,0,12,2,16,6,8,12,56,0,combatstyle,,Upgrade Armor*,*,*,*,*,,,,,
Philomath Boots,3084633087,"""6917529423068810685""",,Legendary,Leg Armor,legendaryengram,Warlock,1302,,Solar Energy Capacity,1,Vault,true,false,false,4,12,,2,17,6,2,12,11,50,0,2,17,6,2,12,11,50,0,combatstyle,,Change Energy Type*,*,*,*,*,,,,,
Philomath Gloves,760584029,"""6917529411209516416""",,Legendary,Gauntlets,legendaryengram,Warlock,1239,,Solar Energy Capacity,3,Vault,true,false,false,4,12,,6,8,12,15,6,6,53,0,6,8,12,15,6,6,53,0,combatstyle,,Upgrade Armor*,*,*,*,*,,,,,
Annealed Shaper Boots,261922239,"""6917529411176425033""",,Legendary,Leg Armor,blackarmory,Warlock,1257,,Void Energy Capacity,3,Vault,true,false,false,4,14,,6,9,17,13,2,12,59,0,6,9,17,13,2,12,59,0,combatstyle,,New Age Black Armory*,Upgrade Armor*,*,*,*,*,,,,
Geomag Stabilizers,121305948,"""6917529203288358195""",,Exotic,Leg Armor,,Warlock,1100,,Arc Energy Capacity,8,Vault,true,true,false,2,4,,8,19,8,15,14,2,66,0,8,19,8,15,14,2,66,0,combatstyle,,Precursor Vex Chrome*,Upgrade Armor*,*,*,*,*,Close Enough*,,,
Thorium Holt Gloves,2618290591,"""6917529411176427175""",,Legendary,Gauntlets,legendaryengram,Warlock,1259,,Void Energy Capacity,1,Vault,true,false,false,4,13,,18,2,6,11,9,6,52,0,18,2,6,11,9,6,52,0,combatstyle,,Change Energy Type*,*,*,*,*,,,,,
Wild Hunt Vestment,317220729,"""6917529411224461668""",,Legendary,Chest Armor,seasonpass,Warlock,1239,,Arc Energy Capacity,3,Vault,true,false,false,4,12,,10,8,7,12,8,7,52,0,10,8,7,12,8,7,52,0,combatstyle,,Upgrade Armor*,*,*,*,*,,,,,
Annealed Shaper Robes,2011267747,"""6917529417779755504""",,Legendary,Chest Armor,blackarmory,Warlock,1262,,Solar Energy Capacity,2,Vault,true,false,false,4,14,,2,2,23,9,2,17,55,0,2,2,23,9,2,17,55,0,combatstyle,,New Age Black Armory*,Upgrade Armor*,*,*,*,*,,,,
Annealed Shaper Gloves,2615721245,"""6917529412138324148""",,Legendary,Gauntlets,blackarmory,Warlock,1271,,Solar Energy Capacity,2,Vault,true,false,false,4,14,,11,8,9,19,7,2,56,0,11,8,9,19,7,2,56,0,combatstyle,,New Age Black Armory*,Upgrade Armor*,*,*,*,*,,,,
Philomath Boots,3084633087,"""6917529419284647506""",,Legendary,Leg Armor,legendaryengram,Warlock,1273,,Arc Energy Capacity,2,Vault,true,false,false,4,12,,20,2,7,14,10,2,55,0,20,2,7,14,10,2,55,0,combatstyle,,Upgrade Armor*,*,*,*,*,,,,,
Lunafaction Boots,4136768282,"""6917529395721826606""",,Exotic,Leg Armor,,Warlock,1176,,Arc Energy Capacity,2,Vault,true,true,false,1,1,,6,12,14,2,20,9,63,0,6,12,14,2,20,9,63,0,combatstyle,,Upgrade Armor*,*,*,*,*,Alchemical Etchings*,,,,
Thorium Holt Boots,1539437665,"""6917529417779754435""",,Legendary,Leg Armor,legendaryengram,Warlock,1262,,Arc Energy Capacity,1,Vault,true,false,false,4,13,,2,7,16,19,2,6,52,0,2,7,16,19,2,6,52,0,combatstyle,,Change Energy Type*,*,*,*,*,,,,,
Holdfast Cover,1173249516,"""6917529205560838954""",,Legendary,Helmet,seasonpass,Warlock,1100,,Arc Energy Capacity,2,Vault,true,false,false,3,11,,8,6,16,13,7,10,60,0,8,6,16,13,7,10,60,0,combatstyle,,Upgrade Armor*,*,*,*,*,,,,,
Insight Vikti Gloves,4239920089,"""6917529422303466758""",,Legendary,Gauntlets,legendaryengram,Warlock,1301,,Void Energy Capacity,1,Vault,true,false,false,3,11,,12,9,6,12,9,9,57,0,12,9,6,12,9,9,57,0,combatstyle,,Change Energy Type*,*,*,*,*,,,,,
Philomath Gloves,760584029,"""6917529423898357198""",,Legendary,Gauntlets,legendaryengram,Warlock,1309,,Solar Energy Capacity,1,Vault,true,false,false,4,12,,6,6,13,7,21,2,55,0,6,6,13,7,21,2,55,0,combatstyle,,Change Energy Type*,*,*,*,*,,,,,
Skull of Dire Ahamkara,1030017949,"""6917529204194977973""",,Exotic,Helmet,,Warlock,1100,,Arc Energy Capacity,5,Vault,true,false,false,1,1,,17,12,3,8,15,7,62,0,17,12,3,8,15,7,62,0,combatstyle,,Upgrade Armor*,*,*,*,*,Actual Grandeur*,,,,
Scorned Baron Robes,4214131061,"""6917529411998454915""",,Legendary,Chest Armor,tangled,Warlock,1264,,Arc Energy Capacity,3,Vault,true,false,false,4,12,,12,2,11,2,8,16,51,0,12,2,11,2,8,16,51,0,combatstyle,,Upgrade Armor*,*,*,*,*,,,,,
Wild Hunt Boots,197764097,"""6917529413541210540""",,Legendary,Leg Armor,seasonpass,Warlock,1279,,Void Energy Capacity,3,Vault,true,false,false,4,12,,6,12,6,2,7,18,51,0,6,12,6,2,7,18,51,0,combatstyle,,Upgrade Armor*,*,*,*,*,,,,,
Eimin-Tin Ritual Mask,3634942770,"""6917529418370354781""",,Legendary,Helmet,tangled,Warlock,1285,,Void Energy Capacity,2,Vault,true,false,false,4,12,,7,7,12,6,2,19,53,0,7,7,12,6,2,19,53,0,combatstyle,,Upgrade Armor*,*,*,*,*,,,,,
Annealed Shaper Robes,2011267747,"""6917529418375212761""",,Legendary,Chest Armor,blackarmory,Warlock,1283,,Void Energy Capacity,2,Vault,true,false,false,4,14,,13,13,2,7,12,8,55,0,13,13,2,7,12,8,55,0,combatstyle,,New Age Black Armory*,Upgrade Armor*,*,*,*,*,,,,
Thorium Holt Boots,1539437665,"""6917529421651515205""",,Legendary,Leg Armor,legendaryengram,Warlock,1278,,Void Energy Capacity,4,Vault,true,false,false,4,13,,16,2,7,2,19,6,52,0,16,2,7,2,19,6,52,0,combatstyle,,Upgrade Armor*,*,*,*,*,,,,,
Ophidian Aspect,3627185503,"""6917529125407386068""",,Exotic,Gauntlets,,Warlock,1100,,Void Energy Capacity,7,Vault,true,true,false,1,2,,20,2,10,13,7,7,59,0,20,2,10,13,7,7,59,0,combatstyle,,Precursor Vex Chrome*,Upgrade Armor*,*,*,*,*,Cobra Totemic*,,,
Eimin-Tin Ritual Mask,3634942770,"""6917529411270911420""",,Legendary,Helmet,tangled,Warlock,1260,,Solar Energy Capacity,1,Vault,true,false,false,4,12,,12,2,15,2,18,7,56,0,12,2,15,2,18,7,56,0,combatstyle,,Change Energy Type*,*,*,*,*,,,,,
Philomath Cover,1196270212,"""6917529411321779172""",,Legendary,Helmet,legendaryengram,Warlock,1265,,Void Energy Capacity,3,Vault,true,false,false,4,12,,2,17,7,2,15,12,55,0,2,17,7,2,15,12,55,0,combatstyle,,Upgrade Armor*,*,*,*,*,,,,,
Annealed Shaper Crown,2668526660,"""6917529411857465791""",,Legendary,Helmet,blackarmory,Warlock,1260,,Arc Energy Capacity,3,Vault,true,false,false,4,14,,8,12,8,8,7,12,55,0,8,12,8,8,7,12,55,0,combatstyle,,New Age Black Armory*,Upgrade Armor*,*,*,*,*,,,,
Geomag Stabilizers,121305948,"""6917529100886334672""",,Exotic,Leg Armor,,Warlock,1100,,Arc Energy Capacity,8,Vault,true,true,false,2,4,,12,7,8,6,10,6,49,0,12,7,8,6,10,6,49,0,combatstyle,,Upgrade Armor*,*,*,*,*,Close Enough*,,,,
Annealed Shaper Gloves,2615721245,"""6917529411321781591""",,Legendary,Gauntlets,blackarmory,Warlock,1260,,Void Energy Capacity,2,Vault,true,false,false,4,14,,6,8,13,6,14,7,54,0,6,8,13,6,14,7,54,0,combatstyle,,New Age Black Armory*,Upgrade Armor*,*,*,*,*,,,,
Celestine Boots (Magnificent),4012977685,"""6917529418320142666""",,Legendary,Leg Armor,events,Warlock,1291,,Void Energy Capacity,2,Vault,true,false,false,4,14,Solstice of Heroes,2,13,16,8,14,7,60,0,2,13,16,8,14,7,60,0,combatstyle,,Upgrade Armor*,*,*,*,*,,,,,
Holdfast Gloves,327547301,"""6917529411233314178""",,Legendary,Gauntlets,seasonpass,Warlock,1263,,Solar Energy Capacity,4,Vault,true,false,false,3,11,,2,23,7,19,2,8,61,0,2,23,7,19,2,8,61,0,combatstyle,,Upgrade Armor*,*,*,*,*,,,,,
Geomag Stabilizers,121305948,"""6917529419916943792""",,Exotic,Leg Armor,,Warlock,1295,,Void Energy Capacity,5,Vault,true,false,false,2,4,,15,9,9,12,15,2,62,0,15,9,9,12,15,2,62,0,combatstyle,,Precursor Vex Chrome*,Upgrade Armor*,*,*,*,*,Close Enough*,,,
Annealed Shaper Robes,2011267747,"""6917529411224458386""",,Legendary,Chest Armor,blackarmory,Warlock,1260,,Void Energy Capacity,2,Vault,true,false,false,4,14,,7,19,2,20,2,8,58,0,7,19,2,20,2,8,58,0,combatstyle,,New Age Black Armory*,Upgrade Armor*,*,*,*,*,,,,
Promethium Spur,235591051,"""6917529411879333737""",,Exotic,Leg Armor,,Warlock,1266,,Solar Energy Capacity,2,Vault,true,true,false,3,9,,11,2,20,15,13,2,63,0,11,2,20,15,13,2,63,0,combatstyle,,Upgrade Armor*,*,*,*,*,Embers of Light*,,,,
Annealed Shaper Robes,2011267747,"""6917529418358007392""",,Legendary,Chest Armor,blackarmory,Warlock,1285,,Solar Energy Capacity,2,Vault,true,false,false,4,14,,14,7,8,6,2,20,57,0,14,7,8,6,2,20,57,0,combatstyle,,New Age Black Armory*,Upgrade Armor*,*,*,*,*,,,,
Thorium Holt Robes,3603834073,"""6917529411305602405""",,Legendary,Chest Armor,legendaryengram,Warlock,1260,,Solar Energy Capacity,2,Vault,true,false,false,4,13,,11,12,7,2,13,13,58,0,11,12,7,2,13,13,58,0,combatstyle,,Upgrade Armor*,*,*,*,*,,,,,
Tesseract Trace IV,1655109893,"""6917529411313389638""",,Legendary,Leg Armor,legendaryengram,Warlock,1264,,Void Energy Capacity,1,Vault,true,false,false,3,11,,16,2,16,9,11,9,63,0,16,2,16,9,11,9,63,0,combatstyle,,Change Energy Type*,*,*,*,*,,,,,
Holdfast Cover,1173249516,"""6917529206494180018""",,Legendary,Helmet,seasonpass,Warlock,1100,,Void Energy Capacity,2,Vault,true,false,false,3,11,,11,8,8,2,15,12,56,0,11,8,8,2,15,12,56,0,combatstyle,,Upgrade Armor*,*,*,*,*,,,,,
Astrocyte Verse,3948284065,"""6917529151124950043""",,Exotic,Helmet,,Warlock,1100,,Solar Energy Capacity,2,Vault,true,false,false,2,7,,10,7,13,2,14,11,57,0,10,7,13,2,14,11,57,0,combatstyle,,Upgrade Armor*,*,*,*,*,Move to Survive*,,,,
Thorium Holt Robes,3603834073,"""6917529421674524926""",,Legendary,Chest Armor,legendaryengram,Warlock,1296,,Solar Energy Capacity,4,Vault,true,false,false,4,13,,6,13,6,12,2,13,52,0,6,13,6,12,2,13,52,0,combatstyle,,Upgrade Armor*,*,*,*,*,,,,,
Thorium Holt Boots,1539437665,"""6917529411300938121""",,Legendary,Leg Armor,legendaryengram,Warlock,1261,,Solar Energy Capacity,5,Vault,true,false,false,4,13,,9,12,6,6,10,12,55,0,9,12,6,6,10,12,55,0,combatstyle,,Upgrade Armor*,*,*,*,*,,,,,
Thorium Holt Robes,3603834073,"""6917529421431265646""",,Legendary,Chest Armor,legendaryengram,Warlock,1299,,Arc Energy Capacity,1,Vault,true,false,false,4,13,,18,13,2,2,7,23,65,0,18,13,2,2,7,23,65,0,combatstyle,,Change Energy Type*,*,*,*,*,,,,,
Scorned Baron Robes,4214131061,"""6917529411919400083""",,Legendary,Chest Armor,tangled,Warlock,1262,,Void Energy Capacity,1,Vault,true,false,false,4,12,,12,12,2,2,11,13,52,0,12,12,2,2,11,13,52,0,combatstyle,,Change Energy Type*,*,*,*,*,,,,,
Celestine Robes (Magnificent),1044615215,"""6917529412217469140""",,Legendary,Chest Armor,events,Warlock,1276,,Solar Energy Capacity,3,Vault,true,false,false,4,14,Solstice of Heroes,18,6,2,10,9,8,53,0,18,6,2,10,9,8,53,0,combatstyle,,Upgrade Armor*,*,*,*,*,,,,,
Annealed Shaper Robes,2011267747,"""6917529417865623170""",,Legendary,Chest Armor,blackarmory,Warlock,1285,,Void Energy Capacity,2,Vault,true,false,false,4,14,,2,12,13,20,2,6,55,0,2,12,13,20,2,6,55,0,combatstyle,,New Age Black Armory*,Upgrade Armor*,*,*,*,*,,,,
Promethium Spur,235591051,"""6917529150963199180""",,Exotic,Leg Armor,,Warlock,1100,,Arc Energy Capacity,2,Vault,true,false,false,3,9,,2,12,12,8,10,7,51,0,2,12,12,8,10,7,51,0,combatstyle,,Upgrade Armor*,*,*,*,*,Embers of Light*,,,,
Celestine Boots (Magnificent),4012977685,"""6917529412217470204""",,Legendary,Leg Armor,events,Warlock,1276,,Void Energy Capacity,2,Vault,true,false,false,4,14,Solstice of Heroes,2,17,6,7,13,6,51,0,2,17,6,7,13,6,51,0,combatstyle,,Upgrade Armor*,*,*,*,*,,,,,
Celestine Boots (Magnificent),4012977685,"""6917529417873380914""",,Legendary,Leg Armor,events,Warlock,1285,,Arc Energy Capacity,2,Vault,true,false,false,4,14,Solstice of Heroes,2,11,14,11,7,8,53,0,2,11,14,11,7,8,53,0,combatstyle,,Upgrade Armor*,*,*,*,*,,,,,
Thorium Holt Robes,3603834073,"""6917529421670952338""",,Legendary,Chest Armor,legendaryengram,Warlock,1298,,Void Energy Capacity,4,Vault,true,false,false,4,13,,6,6,11,2,23,2,50,0,6,6,11,2,23,2,50,0,combatstyle,,Upgrade Armor*,*,*,*,*,,,,,
Thorium Holt Boots,1539437665,"""6917529427644341542""",,Legendary,Leg Armor,legendaryengram,Warlock,1308,,Arc Energy Capacity,5,Vault,true,false,false,4,13,,12,12,2,16,13,2,57,0,12,12,2,16,13,2,57,0,combatstyle,,Upgrade Armor*,*,*,*,*,,,,,
Annealed Shaper Boots,261922239,"""6917529421661029315""",,Legendary,Leg Armor,blackarmory,Warlock,1297,,Solar Energy Capacity,4,Vault,true,false,false,4,14,,6,15,7,7,7,14,56,0,6,15,7,7,7,14,56,0,combatstyle,,New Age Black Armory*,Upgrade Armor*,*,*,*,*,,,,
Wild Hunt Boots,197764097,"""6917529418490371241""",,Legendary,Leg Armor,seasonpass,Warlock,1287,,Void Energy Capacity,2,Vault,true,false,false,4,12,,12,7,7,13,13,2,54,0,12,7,7,13,13,2,54,0,combatstyle,,Upgrade Armor*,*,*,*,*,,,,,
Reverie Dawn Hood,1076538039,"""6917529411900441522""",,Legendary,Helmet,dreaming,Warlock,1262,,Arc Energy Capacity,1,Vault,true,false,false,4,13,,14,13,2,20,2,7,58,0,14,13,2,20,2,7,58,0,combatstyle,,Change Energy Type*,*,*,*,*,,,,,
Thorium Holt Boots,1539437665,"""6917529418449983712""",,Legendary,Leg Armor,legendaryengram,Warlock,1285,,Void Energy Capacity,5,Vault,true,false,false,4,13,,18,2,6,18,2,7,53,0,18,2,6,18,2,7,53,0,combatstyle,,Upgrade Armor*,*,*,*,*,,,,,
Holdfast Robes,119457531,"""6917529204762646584""",,Legendary,Chest Armor,seasonpass,Warlock,1310,,Solar Energy Capacity,8,Vault,true,true,false,3,11,,7,7,18,6,19,8,65,0,7,7,18,6,19,8,65,0,combatstyle,,Precursor Vex Chrome*,Upgrade Armor*,*,*,*,*,,,,
Felwinter's Helm,2822465023,"""6917529271811640320""",,Exotic,Helmet,,Warlock,1131,,Void Energy Capacity,4,Vault,true,false,false,3,10,,8,11,9,16,2,13,59,0,8,11,9,16,2,13,59,0,combatstyle,,Upgrade Armor*,*,*,*,*,Warlord's End*,,,,
Thorium Holt Robes,3603834073,"""6917529423915546301""",,Legendary,Chest Armor,legendaryengram,Warlock,1290,,Void Energy Capacity,3,Vault,true,false,false,4,13,,8,8,10,6,16,2,50,0,8,8,10,6,16,2,50,0,combatstyle,,Upgrade Armor*,*,*,*,*,,,,,
Transversive Steps,138282166,"""6917529151906719185""",,Exotic,Leg Armor,,Warlock,1100,,Void Energy Capacity,5,Vault,true,true,false,1,1,,17,2,7,6,10,6,48,0,17,2,7,6,10,6,48,0,combatstyle,,Upgrade Armor*,*,*,*,*,Strange Protractor*,,,,
Holdfast Robes,119457531,"""6917529203472187456""",,Legendary,Chest Armor,seasonpass,Warlock,1100,,Solar Energy Capacity,1,Vault,true,true,false,3,11,,2,18,7,6,12,7,52,0,2,18,7,6,12,7,52,0,combatstyle,,Change Energy Type*,*,*,*,*,,,,,
Sunbracers,3787517196,"""6917529122902017253""",,Exotic,Gauntlets,,Warlock,1100,,Arc Energy Capacity,3,Vault,true,true,false,1,1,,26,2,3,8,15,6,60,0,26,2,3,8,15,6,60,0,combatstyle,,Upgrade Armor*,*,*,*,*,Helium Spirals*,,,,
Philomath Boots,3084633087,"""6917529412035181394""",,Legendary,Leg Armor,legendaryengram,Warlock,1265,,Solar Energy Capacity,1,Vault,true,false,false,4,12,,8,16,2,9,10,8,53,0,8,16,2,9,10,8,53,0,combatstyle,,Change Energy Type*,*,*,*,*,,,,,
Holdfast Robes,119457531,"""6917529205998200724""",,Legendary,Chest Armor,seasonpass,Warlock,1100,,Arc Energy Capacity,2,Vault,true,false,false,3,11,,16,9,6,2,6,21,60,0,16,9,6,2,6,21,60,0,combatstyle,,Upgrade Armor*,*,*,*,*,,,,,
Thorium Holt Hood,1592984110,"""6917529421678310118""",,Legendary,Helmet,legendaryengram,Warlock,1296,,Arc Energy Capacity,2,Vault,true,false,false,4,13,,7,13,6,10,8,10,54,0,7,13,6,10,8,10,54,0,combatstyle,,Upgrade Armor*,*,*,*,*,,,,,
Simulator Legs,2401694485,"""6917529204411726593""",,Legendary,Leg Armor,fwc,Warlock,1100,,Arc Energy Capacity,2,Vault,true,false,false,3,10,,15,2,11,7,6,12,53,0,15,2,11,7,6,12,53,0,combatstyle,,Upgrade Armor*,*,*,*,*,,,,,
Celestine Gloves (Magnificent),2756505819,"""6917529422776708159""",,Legendary,Gauntlets,events,Warlock,1307,,Solar Energy Capacity,3,Vault,true,false,false,4,14,Solstice of Heroes,6,2,17,12,10,8,55,0,6,2,17,12,10,8,55,0,combatstyle,,Upgrade Armor*,*,*,*,*,,,,,
Holdfast Robes,119457531,"""6917529204751314308""",,Legendary,Chest Armor,seasonpass,Warlock,1100,,Void Energy Capacity,6,Vault,true,true,false,3,11,,8,2,21,2,12,16,61,0,8,2,21,2,12,16,61,0,combatstyle,,Upgrade Armor*,*,*,*,*,,,,,
Holdfast Cover,1173249516,"""6917529204774204204""",,Legendary,Helmet,seasonpass,Warlock,1100,,Solar Energy Capacity,1,Vault,true,false,false,3,11,,14,7,9,7,7,13,57,0,14,7,9,7,7,13,57,0,combatstyle,,Change Energy Type*,*,*,*,*,,,,,
Phoenix Protocol,4057299719,"""6917529422190420876""",,Exotic,Chest Armor,,Warlock,1298,,Solar Energy Capacity,2,Vault,true,false,false,2,4,,16,15,3,9,12,9,64,0,16,15,3,9,12,9,64,0,combatstyle,,Upgrade Armor*,*,*,*,*,Battle-Hearth*,,,,
Cinder Pinion Robes,539816333,"""6917529417834098455""",,Legendary,Chest Armor,crucible,Warlock,1286,,Arc Energy Capacity,3,Vault,true,false,false,4,14,,2,9,16,21,2,8,58,0,2,9,16,21,2,8,58,0,combatstyle,,Upgrade Armor*,*,*,*,*,,,,,
Phoenix Protocol,4057299719,"""6917529160875740143""",,Exotic,Chest Armor,,Warlock,1100,,Arc Energy Capacity,5,Vault,true,true,false,2,4,,8,6,16,15,7,6,58,0,8,6,16,15,7,6,58,0,combatstyle,,Upgrade Armor*,*,*,*,*,Battle-Hearth*,,,,
Astrocyte Verse,3948284065,"""6917529204411722688""",,Exotic,Helmet,,Warlock,1100,,Solar Energy Capacity,1,Vault,true,true,false,2,7,,9,15,9,7,8,15,63,0,9,15,9,7,8,15,63,0,combatstyle,,Change Energy Type*,*,*,*,*,Move to Survive*,,,,
Sunbracers,3787517196,"""6917529206382678044""",,Exotic,Gauntlets,,Warlock,1100,,Void Energy Capacity,1,Vault,true,false,false,1,1,,10,14,8,19,6,6,63,0,10,14,8,19,6,6,63,0,combatstyle,,Change Energy Type*,*,*,*,*,Helium Spirals*,,,,
Robes of the Great Hunt,776723133,"""6917529122794446873""",,Legendary,Chest Armor,lastwish,Warlock,1100,,Arc Energy Capacity,5,Vault,true,true,false,3,11,,6,9,14,12,13,6,60,0,6,9,14,12,13,6,60,0,combatstyle,,Coastal Suede*,Upgrade Armor*,*,*,*,*,,,,
Vesper of Radius,1725917554,"""6917529206377375221""",,Exotic,Chest Armor,,Warlock,1100,,Void Energy Capacity,1,Vault,true,false,false,1,2,,2,16,13,12,6,14,63,0,2,16,13,12,6,14,63,0,combatstyle,,Change Energy Type*,*,*,*,*,Planetary Torrent*,,,,
Thorium Holt Gloves,2618290591,"""6917529418472605428""",,Legendary,Gauntlets,legendaryengram,Warlock,1287,,Solar Energy Capacity,1,Vault,true,false,false,4,13,,16,2,8,6,9,10,51,0,16,2,8,6,9,10,51,0,combatstyle,,Change Energy Type*,*,*,*,*,,,,,
Starfire Protocol,2082483156,"""6917529204200526441""",,Exotic,Chest Armor,,Warlock,1100,,Void Energy Capacity,3,Vault,true,false,false,1,1,,6,16,10,23,2,8,65,0,6,16,10,23,2,8,65,0,combatstyle,,Upgrade Armor*,*,*,*,*,Fusion Harness*,,,,
Wild Hunt Hood,251310542,"""6917529418655746305""",,Legendary,Helmet,seasonpass,Warlock,1287,,Solar Energy Capacity,1,Vault,true,false,false,4,12,,2,10,12,13,13,2,52,0,2,10,12,13,13,2,52,0,combatstyle,,Change Energy Type*,*,*,*,*,,,,,
Thorium Holt Hood,1592984110,"""6917529422368641721""",,Legendary,Helmet,legendaryengram,Warlock,1281,,Void Energy Capacity,5,Vault,true,false,false,4,13,,2,13,18,7,8,10,58,0,2,13,18,7,8,10,58,0,combatstyle,,Precursor Vex Chrome*,Upgrade Armor*,*,*,*,*,,,,
Thorium Holt Hood,1592984110,"""6917529418543831272""",,Legendary,Helmet,legendaryengram,Warlock,1289,,Arc Energy Capacity,2,Vault,true,false,false,4,13,,7,7,13,18,2,7,54,0,7,7,13,18,2,7,54,0,combatstyle,,Upgrade Armor*,*,*,*,*,,,,,
Boots of the Great Hunt,3227674085,"""6917529205075079700""",,Legendary,Leg Armor,lastwish,Warlock,1100,,Solar Energy Capacity,1,Vault,true,true,false,3,11,,7,10,13,2,14,12,58,0,7,10,13,2,14,12,58,0,combatstyle,,Change Energy Type*,*,*,*,*,,,,,
Insight Vikti Hood,597618504,"""6917529412019626175""",,Legendary,Helmet,legendaryengram,Warlock,1267,,Solar Energy Capacity,1,Vault,true,false,false,3,11,,9,6,12,6,2,21,56,0,9,6,12,6,2,21,56,0,combatstyle,,Change Energy Type*,*,*,*,*,,,,,
Thorium Holt Robes,3603834073,"""6917529418613095633""",,Legendary,Chest Armor,legendaryengram,Warlock,1289,,Solar Energy Capacity,3,Vault,true,false,false,4,13,,12,6,6,7,7,13,51,0,12,6,6,7,7,13,51,0,combatstyle,,Upgrade Armor*,*,*,*,*,,,,,
Holdfast Boots,674876967,"""6917529418655748184""",,Legendary,Leg Armor,seasonpass,Warlock,1292,,Solar Energy Capacity,3,Vault,true,false,false,3,11,,13,9,7,21,2,10,62,0,13,9,7,21,2,10,62,0,combatstyle,,Upgrade Armor*,*,*,*,*,,,,,
Sanguine Alchemy,3070555693,"""6917529203854145576""",,Exotic,Chest Armor,,Warlock,1100,,Solar Energy Capacity,4,Vault,true,true,false,1,3,,9,13,11,11,12,9,65,0,9,13,11,11,12,9,65,0,combatstyle,,Upgrade Armor*,*,*,*,*,Blood Magic*,,,,
Wing Theorem,2286507447,"""6917529204123876603""",,Legendary,Chest Armor,crucible,Warlock,1100,,Solar Energy Capacity,5,Vault,true,true,false,3,11,,2,12,10,20,2,7,53,0,2,12,10,20,2,7,53,0,combatstyle,,Crucible Legacy*,Upgrade Armor*,*,*,*,*,,,,
Verity's Brow,2428181146,"""6917529412069162666""",,Exotic,Helmet,,Warlock,1269,,Solar Energy Capacity,7,Vault,true,false,false,1,3,,16,12,4,6,15,8,61,0,16,12,4,6,15,8,61,0,combatstyle,,Precursor Vex Chrome*,Upgrade Armor*,*,*,*,*,The Fourth Magic*,,,
Hood of the Great Hunt,3445582154,"""6917529205075074671""",,Legendary,Helmet,lastwish,Warlock,1100,,Solar Energy Capacity,3,Vault,true,true,false,3,11,,9,21,2,9,12,12,65,0,9,21,2,9,12,12,65,0,combatstyle,,Upgrade Armor*,*,*,*,*,,,,,
Lunafaction Boots,4136768282,"""6917529131866858083""",,Exotic,Leg Armor,,Warlock,1100,,Void Energy Capacity,1,Vault,true,false,false,1,1,,27,3,3,14,8,7,62,0,27,3,3,14,8,7,62,0,combatstyle,,Change Energy Type*,*,*,*,*,Alchemical Etchings*,,,,
Gloves of the Great Hunt,3492720019,"""6917529204448917444""",,Legendary,Gauntlets,lastwish,Warlock,1100,,Arc Energy Capacity,4,Vault,true,true,false,3,11,,16,6,7,14,14,2,59,0,16,6,7,14,14,2,59,0,combatstyle,,Upgrade Armor*,*,*,*,*,,,,,
Annealed Shaper Crown,2668526660,"""6917529417771002797""",,Legendary,Helmet,blackarmory,Warlock,1262,,Void Energy Capacity,5,Vault,true,false,false,4,14,,2,7,19,13,12,2,55,0,2,7,19,13,12,2,55,0,combatstyle,,New Age Black Armory*,Upgrade Armor*,*,*,*,*,,,,
Sovereign Robes,2835971286,"""6917529203185288056""",,Legendary,Chest Armor,nm,Warlock,1100,,Void Energy Capacity,1,Vault,true,true,false,3,10,,6,9,15,6,16,6,58,0,6,9,15,6,16,6,58,0,combatstyle,,Change Energy Type*,*,*,*,*,,,,,
Tesseract Trace IV,2339155434,"""6917529422853235044""",,Legendary,Helmet,legendaryengram,Warlock,1307,,Void Energy Capacity,1,Vault,true,false,false,3,11,,20,2,10,21,2,6,61,0,20,2,10,21,2,6,61,0,combatstyle,,Change Energy Type*,*,*,*,*,,,,,
Holdfast Gloves,327547301,"""6917529205548851336""",,Legendary,Gauntlets,seasonpass,Warlock,1100,,Solar Energy Capacity,4,Vault,true,false,false,3,11,,6,6,16,13,6,10,57,0,6,6,16,13,6,10,57,0,combatstyle,,Upgrade Armor*,*,*,*,*,,,,,
Wing Theorem,3441081953,"""6917529204756855779""",,Legendary,Gauntlets,crucible,Warlock,1100,,Void Energy Capacity,4,Vault,true,true,false,3,11,,11,2,14,9,6,12,54,0,11,2,14,9,6,12,54,0,combatstyle,,Crucible Legacy*,Upgrade Armor*,*,*,*,*,,,,
Philomath Robes,282139107,"""6917529420800146573""",,Legendary,Chest Armor,legendaryengram,Warlock,1293,,Void Energy Capacity,2,Vault,true,false,false,4,12,,12,8,6,6,9,16,57,0,12,8,6,6,9,16,57,0,combatstyle,,Upgrade Armor*,*,*,*,*,,,,,
Thorium Holt Gloves,2618290591,"""6917529419051916585""",,Legendary,Gauntlets,legendaryengram,Warlock,1289,,Void Energy Capacity,1,Vault,true,false,false,4,13,,11,6,10,10,2,12,51,0,11,6,10,10,2,12,51,0,combatstyle,,Change Energy Type*,*,*,*,*,,,,,
Thorium Holt Boots,1539437665,"""6917529413522090572""",,Legendary,Leg Armor,legendaryengram,Warlock,1281,,Arc Energy Capacity,3,Vault,true,false,false,4,13,,2,2,22,12,10,6,54,0,2,2,22,12,10,6,54,0,combatstyle,,Upgrade Armor*,*,*,*,*,,,,,
Annealed Shaper Gloves,2615721245,"""6917529412974098619""",,Legendary,Gauntlets,blackarmory,Warlock,1276,,Void Energy Capacity,2,Vault,true,false,false,4,14,,9,15,6,14,9,6,59,0,9,15,6,14,9,6,59,0,combatstyle,,New Age Black Armory*,Upgrade Armor*,*,*,*,*,,,,
Holdfast Boots,674876967,"""6917529203477864092""",,Legendary,Leg Armor,seasonpass,Warlock,1100,,Void Energy Capacity,4,Vault,true,true,false,3,11,,9,12,7,13,7,7,55,0,9,12,7,13,7,7,55,0,combatstyle,,Upgrade Armor*,*,*,*,*,,,,,
Thorium Holt Boots,1539437665,"""6917529335440215050""",,Legendary,Leg Armor,legendaryengram,Warlock,1149,,Void Energy Capacity,1,Vault,true,false,false,4,13,,7,7,14,2,8,18,56,0,7,7,14,2,8,18,56,0,combatstyle,,Change Energy Type*,*,*,*,*,,,,,
Celestine Hood (Magnificent),139281386,"""6917529412207290732""",,Legendary,Helmet,events,Warlock,1276,,Arc Energy Capacity,1,Vault,true,false,false,4,14,Solstice of Heroes,2,16,7,2,16,8,51,0,2,16,7,2,16,8,51,0,combatstyle,,Change Energy Type*,*,*,*,*,,,,,
Philomath Cover,1196270212,"""6917529419135765756""",,Legendary,Helmet,legendaryengram,Warlock,1290,,Arc Energy Capacity,2,Vault,true,false,false,4,12,,7,2,18,6,10,8,51,0,7,2,18,6,10,8,51,0,combatstyle,,Upgrade Armor*,*,*,*,*,,,,,
Annealed Shaper Robes,2011267747,"""6917529419152070994""",,Legendary,Chest Armor,blackarmory,Warlock,1288,,Solar Energy Capacity,1,Vault,true,false,false,4,14,,8,6,14,13,7,8,56,0,8,6,14,13,7,8,56,0,combatstyle,,New Age Black Armory*,Change Energy Type*,*,*,*,*,,,,
Celestine Robes (Magnificent),1044615215,"""6917529422776703573""",,Legendary,Chest Armor,events,Warlock,1301,,Solar Energy Capacity,1,Vault,true,false,false,4,14,Solstice of Heroes,8,6,12,7,13,6,52,0,8,6,12,7,13,6,52,0,combatstyle,,Change Energy Type*,*,*,*,*,,,,,
Wing Theorem,3441081953,"""6917529204768640492""",,Legendary,Gauntlets,crucible,Warlock,1100,,Solar Energy Capacity,1,Vault,true,true,false,3,11,,6,11,7,2,22,2,50,0,6,11,7,2,22,2,50,0,combatstyle,,Crucible Legacy*,Change Energy Type*,*,*,*,*,,,,
Wing Theorem,641063251,"""6917529204762646045""",,Legendary,Leg Armor,crucible,Warlock,1100,,Solar Energy Capacity,4,Vault,true,true,false,3,11,,2,12,13,11,12,8,58,0,2,12,13,11,12,8,58,0,combatstyle,,Crucible Legacy*,Upgrade Armor*,*,*,*,*,,,,
Felwinter's Helm,2822465023,"""6917529203156034754""",,Exotic,Helmet,,Warlock,1100,,Void Energy Capacity,1,Vault,true,true,false,3,10,,12,13,6,19,10,2,62,0,12,13,6,19,10,2,62,0,combatstyle,,Change Energy Type*,*,*,*,*,Warlord's End*,,,,
Philomath Gloves,760584029,"""6917529419160648112""",,Legendary,Gauntlets,legendaryengram,Warlock,1292,,Void Energy Capacity,4,Vault,true,false,false,4,12,,6,6,13,2,12,13,52,0,6,6,13,2,12,13,52,0,combatstyle,,Upgrade Armor*,*,*,*,*,,,,,
Felwinter's Helm,2822465023,"""6917529206268452131""",,Exotic,Helmet,,Warlock,1100,,Void Energy Capacity,1,Vault,true,false,false,3,10,,10,6,15,9,15,6,61,0,10,6,15,9,15,6,61,0,combatstyle,,Change Energy Type*,*,*,*,*,Warlord's End*,,,,
Getaway Artist,3084282676,"""6917529424309989878""",,Exotic,Gauntlets,,Warlock,1310,,Solar Energy Capacity,1,Vault,true,false,false,2,6,,9,3,22,21,2,9,66,0,9,3,22,21,2,9,66,0,combatstyle,,Change Energy Type*,*,*,*,*,Dynamic Duo*,,,,
Philomath Boots,3084633087,"""6917529412133946701""",,Legendary,Leg Armor,legendaryengram,Warlock,1265,,Void Energy Capacity,5,Vault,true,false,false,4,12,,7,13,6,19,8,2,55,0,7,13,6,19,8,2,55,0,combatstyle,,Upgrade Armor*,*,*,*,*,,,,,
Philomath Cover,1196270212,"""6917529419156283302""",,Legendary,Helmet,legendaryengram,Warlock,1296,,Void Energy Capacity,2,Vault,true,false,false,4,12,,8,16,2,2,13,12,53,0,8,16,2,2,13,12,53,0,combatstyle,,Upgrade Armor*,*,*,*,*,,,,,
Boots of the Great Hunt,3227674085,"""6917529104929275456""",,Legendary,Leg Armor,lastwish,Warlock,1100,,Void Energy Capacity,2,Vault,true,true,false,3,11,,11,8,8,2,14,15,58,0,11,8,8,2,14,15,58,0,combatstyle,,Boss Resist*,Upgrade Armor*,*,*,*,*,,,,
Wild Hunt Vestment,317220729,"""6917529412158811340""",,Legendary,Chest Armor,seasonpass,Warlock,1268,,Solar Energy Capacity,1,Vault,true,false,false,4,12,,10,2,12,11,2,13,50,0,10,2,12,11,2,13,50,0,combatstyle,,Change Energy Type*,*,*,*,*,,,,,
The Stag,2177524718,"""6917529206382681065""",,Exotic,Helmet,,Warlock,1100,,Arc Energy Capacity,5,Vault,true,false,false,1,2,,11,12,10,14,7,10,64,0,11,12,10,14,7,10,64,0,combatstyle,,Upgrade Armor*,*,*,*,*,Dearly Departed*,,,,
Philomath Boots,3084633087,"""6917529421333597847""",,Legendary,Leg Armor,legendaryengram,Warlock,1276,,Solar Energy Capacity,2,Vault,true,false,false,4,12,,11,2,11,2,18,8,52,0,11,2,11,2,18,8,52,0,combatstyle,,Upgrade Armor*,*,*,*,*,,,,,
Thorium Holt Robes,3603834073,"""6917529424309989933""",,Legendary,Chest Armor,legendaryengram,Warlock,1310,,Arc Energy Capacity,1,Vault,true,false,false,4,13,,10,16,2,13,2,18,61,0,10,16,2,13,2,18,61,0,combatstyle,,Change Energy Type*,*,*,*,*,,,,,
Stormdancer's Brace,1996008488,"""6917529103958551217""",,Exotic,Chest Armor,campaign,Warlock,1100,,Arc Energy Capacity,1,Vault,true,true,false,3,8,,12,6,6,6,12,6,48,0,12,6,6,6,12,6,48,0,combatstyle,,Minor Resist*,Change Energy Type*,*,*,*,*,Ascending Amplitude*,,,
Cinder Pinion Cover,1346827258,"""6917529412130299123""",,Legendary,Helmet,crucible,Warlock,1269,,Solar Energy Capacity,1,Vault,true,false,false,4,14,,19,2,11,10,10,12,64,0,19,2,11,10,10,12,64,0,combatstyle,,Change Energy Type*,*,*,*,*,,,,,
Philomath Cover,1196270212,"""6917529412130301841""",,Legendary,Helmet,legendaryengram,Warlock,1270,,Arc Energy Capacity,1,Vault,true,false,false,4,12,,7,16,2,13,2,10,50,0,7,16,2,13,2,10,50,0,combatstyle,,Change Energy Type*,*,*,*,*,,,,,
Eimin-Tin Ritual Mask,3634942770,"""6917529438912422433""",,Legendary,Helmet,tangled,Warlock,1309,,Solar Energy Capacity,2,Vault,true,false,false,4,12,,8,12,7,12,6,8,53,0,8,12,7,12,6,8,53,0,combatstyle,,Upgrade Armor*,*,*,*,*,,,,,
Thorium Holt Hood,1592984110,"""6917529419211002134""",,Legendary,Helmet,legendaryengram,Warlock,1292,,Solar Energy Capacity,2,Vault,true,false,false,4,13,,6,13,6,12,2,14,53,0,6,13,6,12,2,14,53,0,combatstyle,,Upgrade Armor*,*,*,*,*,,,,,
Boots of the Great Hunt,3227674085,"""6917529204454396394""",,Legendary,Leg Armor,lastwish,Warlock,1100,,Void Energy Capacity,1,Vault,true,true,false,3,11,,10,20,2,6,14,10,62,0,10,20,2,6,14,10,62,0,combatstyle,,Change Energy Type*,*,*,*,*,,,,,
Scorned Baron Robes,4214131061,"""6917529413072061024""",,Legendary,Chest Armor,tangled,Warlock,1277,,Void Energy Capacity,1,Vault,true,false,false,4,12,,8,7,10,6,8,11,50,0,8,7,10,6,8,11,50,0,combatstyle,,Change Energy Type*,*,*,*,*,,,,,
Wild Hunt Boots,197764097,"""6917529413066562857""",,Legendary,Leg Armor,seasonpass,Warlock,1277,,Solar Energy Capacity,5,Vault,true,false,false,4,12,,6,6,11,14,11,2,50,0,6,6,11,14,11,2,50,0,combatstyle,,Upgrade Armor*,*,*,*,*,,,,,
Thorium Holt Boots,1539437665,"""6917529422332862925""",,Legendary,Leg Armor,legendaryengram,Warlock,1279,,Arc Energy Capacity,2,Vault,true,false,false,4,13,,6,7,12,2,17,6,50,0,6,7,12,2,17,6,50,0,combatstyle,,Upgrade Armor*,*,*,*,*,,,,,
Scorned Baron Robes,4214131061,"""6917529419234910513""",,Legendary,Chest Armor,tangled,Warlock,1290,,Arc Energy Capacity,1,Vault,true,false,false,4,12,,12,13,2,7,13,9,56,0,12,13,2,7,13,9,56,0,combatstyle,,Change Energy Type*,*,*,*,*,,,,,
Thorium Holt Gloves,2618290591,"""6917529413546388713""",,Legendary,Gauntlets,legendaryengram,Warlock,1279,,Void Energy Capacity,2,Vault,true,false,false,4,13,,10,15,7,2,12,13,59,0,10,15,7,2,12,13,59,0,combatstyle,,Upgrade Armor*,*,*,*,*,,,,,
Thorium Holt Hood,1592984110,"""6917529412133949327""",,Legendary,Helmet,legendaryengram,Warlock,1262,,Arc Energy Capacity,4,Vault,true,false,false,4,13,,18,6,2,2,10,12,50,0,18,6,2,2,10,12,50,0,combatstyle,,Upgrade Armor*,*,*,*,*,,,,,
Annealed Shaper Robes,2011267747,"""6917529414433163859""",,Legendary,Chest Armor,blackarmory,Warlock,1279,,Void Energy Capacity,2,Vault,true,false,false,4,14,,11,2,13,8,12,8,54,0,11,2,13,8,12,8,54,0,combatstyle,,New Age Black Armory*,Upgrade Armor*,*,*,*,*,,,,
Holdfast Cover,1173249516,"""6917529204117904136""",,Legendary,Helmet,seasonpass,Warlock,1100,,Void Energy Capacity,1,Vault,true,true,false,3,11,,6,14,8,9,14,7,58,0,6,14,8,9,14,7,58,0,combatstyle,,Change Energy Type*,*,*,*,*,,,,,
Holdfast Cover,1173249516,"""6917529203790032236""",,Legendary,Helmet,seasonpass,Warlock,1100,,Solar Energy Capacity,3,Vault,true,true,false,3,11,,11,2,13,6,13,7,52,0,11,2,13,6,13,7,52,0,combatstyle,,Upgrade Armor*,*,*,*,*,,,,,
Holdfast Boots,674876967,"""6917529204419575272""",,Legendary,Leg Armor,seasonpass,Warlock,1100,,Void Energy Capacity,4,Vault,true,true,false,3,11,,2,19,7,12,8,8,56,0,2,19,7,12,8,8,56,0,combatstyle,,Upgrade Armor*,*,*,*,*,,,,,
Anti-Extinction Gloves,1600224949,"""6917529203908693640""",,Legendary,Gauntlets,do,Warlock,1100,,Solar Energy Capacity,1,Vault,true,true,false,3,10,,10,13,6,20,10,2,61,0,10,13,6,20,10,2,61,0,combatstyle,,Change Energy Type*,*,*,*,*,,,,,
Thorium Holt Boots,1539437665,"""6917529422832106232""",,Legendary,Leg Armor,legendaryengram,Warlock,1307,,Void Energy Capacity,1,Vault,true,false,false,4,13,,12,2,13,7,8,11,53,0,12,2,13,7,8,11,53,0,combatstyle,,Change Energy Type*,*,*,*,*,,,,,
Annealed Shaper Gloves,2615721245,"""6917529419284642211""",,Legendary,Gauntlets,blackarmory,Warlock,1293,,Solar Energy Capacity,3,Vault,true,false,false,4,14,,8,12,8,2,8,19,57,0,8,12,8,2,8,19,57,0,combatstyle,,New Age Black Armory*,Upgrade Armor*,*,*,*,*,,,,
Cinder Pinion Boots,1210111349,"""6917529422853240476""",,Legendary,Leg Armor,crucible,Warlock,1307,,Arc Energy Capacity,5,Vault,true,false,false,4,14,,20,12,2,10,8,13,65,0,20,12,2,10,8,13,65,0,combatstyle,,Upgrade Armor*,*,*,*,*,,,,,
Annealed Shaper Crown,2668526660,"""6917529422872941964""",,Legendary,Helmet,blackarmory,Warlock,1303,,Arc Energy Capacity,2,Vault,true,false,false,4,14,,2,9,17,2,14,13,57,0,2,9,17,2,14,13,57,0,combatstyle,,New Age Black Armory*,Upgrade Armor*,*,*,*,*,,,,
Wild Hunt Boots,197764097,"""6917529423848451706""",,Legendary,Leg Armor,seasonpass,Warlock,1310,,Void Energy Capacity,1,Vault,true,false,false,4,12,,11,9,6,13,8,6,53,0,11,9,6,13,8,6,53,0,combatstyle,,Change Energy Type*,*,*,*,*,,,,,
Thorium Holt Gloves,2618290591,"""6917529422872933757""",,Legendary,Gauntlets,legendaryengram,Warlock,1307,,Arc Energy Capacity,3,Vault,true,false,false,4,13,,2,11,14,6,8,13,54,0,2,11,14,6,8,13,54,0,combatstyle,,Upgrade Armor*,*,*,*,*,,,,,
Philomath Cover,1196270212,"""6917529419309190834""",,Legendary,Helmet,legendaryengram,Warlock,1275,,Void Energy Capacity,1,Vault,true,false,false,4,12,,7,17,2,11,6,7,50,0,7,17,2,11,6,7,50,0,combatstyle,,Change Energy Type*,*,*,*,*,,,,,
Holdfast Robes,119457531,"""6917529203966836176""",,Legendary,Chest Armor,seasonpass,Warlock,1100,,Solar Energy Capacity,1,Vault,true,true,false,3,11,,13,7,9,8,8,12,57,0,13,7,9,8,8,12,57,0,combatstyle,,Change Energy Type*,*,*,*,*,,,,,
Philomath Robes,282139107,"""6917529419309191520""",,Legendary,Chest Armor,legendaryengram,Warlock,1275,,Arc Energy Capacity,2,Vault,true,false,false,4,12,,6,12,7,18,2,7,52,0,6,12,7,18,2,7,52,0,combatstyle,,Upgrade Armor*,*,*,*,*,,,,,
Annealed Shaper Boots,261922239,"""6917529419294377342""",,Legendary,Leg Armor,blackarmory,Warlock,1293,,Void Energy Capacity,5,Vault,true,false,false,4,14,,13,6,9,10,14,2,54,0,13,6,9,10,14,2,54,0,combatstyle,,New Age Black Armory*,Upgrade Armor*,*,*,*,*,,,,
Holdfast Robes,119457531,"""6917529204099156047""",,Legendary,Chest Armor,seasonpass,Warlock,1100,,Solar Energy Capacity,3,Vault,true,true,false,3,11,,2,13,11,6,13,7,52,0,2,13,11,6,13,7,52,0,combatstyle,,Upgrade Armor*,*,*,*,*,,,,,
Holdfast Gloves,327547301,"""6917529204768634784""",,Legendary,Gauntlets,seasonpass,Warlock,1100,,Arc Energy Capacity,4,Vault,true,false,false,3,11,,12,2,17,2,9,20,62,0,12,2,17,2,9,20,62,0,combatstyle,,Upgrade Armor*,*,*,*,*,,,,,
Eimin-Tin Ritual Mask,3634942770,"""6917529413094914548""",,Legendary,Helmet,tangled,Warlock,1276,,Void Energy Capacity,1,Vault,true,false,false,4,12,,10,12,6,18,8,2,56,0,10,12,6,18,8,2,56,0,combatstyle,,Change Energy Type*,*,*,*,*,,,,,
Anti-Extinction Boots,3176347031,"""6917529203859329078""",,Legendary,Leg Armor,do,Warlock,1100,,Solar Energy Capacity,4,Vault,true,true,false,3,10,,8,8,12,2,12,14,56,0,8,8,12,2,12,14,56,0,combatstyle,,Upgrade Armor*,*,*,*,*,,,,,
Wild Hunt Gloves,1276513983,"""6917529413461536201""",,Legendary,Gauntlets,seasonpass,Warlock,1260,,Arc Energy Capacity,1,Vault,true,false,false,4,12,,6,10,12,6,10,14,58,0,6,10,12,6,10,14,58,0,combatstyle,,Change Energy Type*,*,*,*,*,,,,,
Annealed Shaper Robes,2011267747,"""6917529412834335634""",,Legendary,Chest Armor,blackarmory,Warlock,1280,,Arc Energy Capacity,1,Vault,true,false,false,4,14,,2,8,18,6,13,7,54,0,2,8,18,6,13,7,54,0,combatstyle,,New Age Black Armory*,Change Energy Type*,*,*,*,*,,,,
Holdfast Boots,674876967,"""6917529204756858811""",,Legendary,Leg Armor,seasonpass,Warlock,1100,,Solar Energy Capacity,2,Vault,true,false,false,3,11,,13,10,6,10,10,8,57,0,13,10,6,10,10,8,57,0,combatstyle,,Upgrade Armor*,*,*,*,*,,,,,
Winter's Guile,3844826443,"""6917529412202668583""",,Exotic,Gauntlets,,Warlock,1272,,Solar Energy Capacity,4,Vault,true,false,false,1,1,,20,2,12,9,22,2,67,0,20,2,12,9,22,2,67,0,combatstyle,,Upgrade Armor*,*,*,*,*,Warlord's Sigil*,,,,
Wild Hunt Vestment,317220729,"""6917529413089657996""",,Legendary,Chest Armor,seasonpass,Warlock,1279,,Void Energy Capacity,2,Vault,true,false,false,4,12,,20,8,2,7,13,6,56,0,20,8,2,7,13,6,56,0,combatstyle,,Upgrade Armor*,*,*,*,*,,,,,
Vigil of Heroes,4086100104,"""6917529203777025126""",,Legendary,Leg Armor,strikes,Warlock,1100,,Void Energy Capacity,1,Vault,true,true,false,3,11,,2,10,12,14,2,10,50,0,2,10,12,14,2,10,50,0,combatstyle,,Vanguard Veteran*,Change Energy Type*,*,*,*,*,,,,
Annealed Shaper Gloves,2615721245,"""6917529423710150071""",,Legendary,Gauntlets,blackarmory,Warlock,1306,,Void Energy Capacity,3,Vault,true,false,false,4,14,,6,13,7,9,11,8,54,0,6,13,7,9,11,8,54,0,combatstyle,,New Age Black Armory*,Upgrade Armor*,*,*,*,*,,,,
Wild Hunt Vestment,317220729,"""6917529414509336832""",,Legendary,Chest Armor,seasonpass,Warlock,1279,,Void Energy Capacity,3,Vault,true,false,false,4,12,,6,12,7,8,6,12,51,0,6,12,7,8,6,12,51,0,combatstyle,,Upgrade Armor*,*,*,*,*,,,,,
Phobos Warden Gloves,1021381486,"""6917529423137206315""",,Legendary,Gauntlets,strikes,Warlock,1308,,Void Energy Capacity,5,Vault,true,false,false,4,14,,2,11,16,15,9,6,59,0,2,11,16,15,9,6,59,0,combatstyle,,Upgrade Armor*,*,*,*,*,,,,,
Wild Hunt Hood,251310542,"""6917529413511015427""",,Legendary,Helmet,seasonpass,Warlock,1276,,Solar Energy Capacity,1,Vault,true,false,false,4,12,,2,12,11,16,7,2,50,0,2,12,11,16,7,2,50,0,combatstyle,,Change Energy Type*,*,*,*,*,,,,,
Thorium Holt Robes,3603834073,"""6917529423175228696""",,Legendary,Chest Armor,legendaryengram,Warlock,1308,,Solar Energy Capacity,4,Vault,true,false,false,4,13,,6,2,20,6,2,21,57,0,6,2,20,6,2,21,57,0,combatstyle,,Upgrade Armor*,*,*,*,*,,,,,
Annealed Shaper Gloves,2615721245,"""6917529423580608590""",,Legendary,Gauntlets,blackarmory,Warlock,1311,,Arc Energy Capacity,3,Vault,true,false,false,4,14,,8,6,12,11,9,8,54,0,8,6,12,11,9,8,54,0,combatstyle,,New Age Black Armory*,Upgrade Armor*,*,*,*,*,,,,
Thorium Holt Boots,1539437665,"""6917529412267442458""",,Legendary,Leg Armor,legendaryengram,Warlock,1272,,Arc Energy Capacity,1,Vault,true,false,false,4,13,,12,6,7,8,16,2,51,0,12,6,7,8,16,2,51,0,combatstyle,,Change Energy Type*,*,*,*,*,,,,,
Thorium Holt Boots,1539437665,"""6917529413527836575""",,Legendary,Leg Armor,legendaryengram,Warlock,1279,,Arc Energy Capacity,1,Vault,true,false,false,4,13,,12,2,14,17,2,9,56,0,12,2,14,17,2,9,56,0,combatstyle,,Change Energy Type*,*,*,*,*,,,,,
Philomath Boots,3084633087,"""6917529414497147355""",,Legendary,Leg Armor,legendaryengram,Warlock,1281,,Void Energy Capacity,1,Vault,true,false,false,4,12,,12,14,2,8,10,8,54,0,12,14,2,8,10,8,54,0,combatstyle,,Change Energy Type*,*,*,*,*,,,,,
Annealed Shaper Crown,2668526660,"""6917529424617404347""",,Legendary,Helmet,blackarmory,Warlock,1308,,Void Energy Capacity,3,Vault,true,false,false,4,14,,2,12,15,6,9,12,56,0,2,12,15,6,9,12,56,0,combatstyle,,New Age Black Armory*,Upgrade Armor*,*,*,*,*,,,,
Philomath Boots,3084633087,"""6917529423575141307""",,Legendary,Leg Armor,legendaryengram,Warlock,1307,,Arc Energy Capacity,4,Vault,true,false,false,4,12,,8,14,6,7,19,2,56,0,8,14,6,7,19,2,56,0,combatstyle,,Upgrade Armor*,*,*,*,*,,,,,
Holdfast Robes,119457531,"""6917529205560836541""",,Legendary,Chest Armor,seasonpass,Warlock,1100,,Arc Energy Capacity,4,Vault,true,false,false,3,11,,13,6,7,16,9,6,57,0,13,6,7,16,9,6,57,0,combatstyle,,Upgrade Armor*,*,*,*,*,,,,,
Annealed Shaper Gloves,2615721245,"""6917529417745454462""",,Legendary,Gauntlets,blackarmory,Warlock,1263,,Void Energy Capacity,3,Vault,true,false,false,4,14,,8,7,11,2,26,2,56,0,8,7,11,2,26,2,56,0,combatstyle,,New Age Black Armory*,Upgrade Armor*,*,*,*,*,,,,
Eimin-Tin Ritual Mask,3634942770,"""6917529417745460720""",,Legendary,Helmet,tangled,Warlock,1263,,Solar Energy Capacity,3,Vault,true,false,false,4,12,,6,6,13,6,13,7,51,0,6,6,13,6,13,7,51,0,combatstyle,,Upgrade Armor*,*,*,*,*,,,,,
Eimin-Tin Ritual Mask,3634942770,"""6917529412805301905""",,Legendary,Helmet,tangled,Warlock,1273,,Void Energy Capacity,2,Vault,true,false,false,4,12,,6,13,8,2,17,6,52,0,6,13,8,2,17,6,52,0,combatstyle,,Upgrade Armor*,*,*,*,*,,,,,
Holdfast Cover,1173249516,"""6917529204419580856""",,Legendary,Helmet,seasonpass,Warlock,1100,,Arc Energy Capacity,2,Vault,true,true,false,3,11,,12,2,15,16,14,2,61,0,12,2,15,16,14,2,61,0,combatstyle,,Upgrade Armor*,*,*,*,*,,,,,
Holdfast Gloves,327547301,"""6917529204762650254""",,Legendary,Gauntlets,seasonpass,Warlock,1100,,Void Energy Capacity,2,Vault,true,false,false,3,11,,6,9,14,11,9,8,57,0,6,9,14,11,9,8,57,0,combatstyle,,Upgrade Armor*,*,*,*,*,,,,,