Name,Hash,Id,Tag,Tier,Type,Source,Equippable,Power,Power Limit,Energy Capacity,Owner,Locked,Equipped,Year,Season,Event,Mobility,Resilience,Recovery,Discipline,Intellect,Strength,Total,Mobility (Base),Resilience (Base),Recovery (Base),Discipline (Base),Intellect (Base),Strength (Base),Total (Base),Seasonal Mod,Loadouts,Notes,Perks 0,Perks 1,Perks 2,Perks 3,Perks 4,Perks 5,Perks 6,Perks 7,Perks 8,Perks 9,Perks 10,Perks 11
Unyielding Favor Hood,3056490591,"""6917529885159985892""",,Legendary,Helmet,seasonpass,Warlock,1800,,3,Warlock(1823),false,false,6,20,,2,18,11,13,8,8,60,2,18,11,13,8,8,60,,,,Upgrade Armor*,*,*,*,*,Queen's Favor*,,,,,,
Tesseract Trace IV,2339155434,"""6917529886836153690""",,Legendary,Helmet,legendaryengram,Warlock,1806,,2,Warlock(1823),false,false,3,11,,2,19,6,6,10,14,57,2,19,6,6,10,14,57,,,,Upgrade Armor*,*,*,*,*,,,,,,,
Iron Companion Hood,960442438,"""6917529886921383052""",,Legendary,Helmet,ironbanner,Warlock,1800,,5,Warlock(1823),false,false,5,19,,2,14,16,13,10,9,64,2,14,16,13,10,9,64,,,,Upgrade Armor*,*,*,*,*,Iron Lord's Pride*,,,,,,
Insight Vikti Hood,597618504,"""6917529888165414398""",,Legendary,Helmet,legendaryengram,Warlock,1807,,4,Warlock(1823),false,false,3,11,,11,2,15,2,17,7,54,11,2,15,2,17,7,54,,,,Upgrade Armor*,*,*,*,*,,,,,,,
Nezarec's Sin,3381022971,"""6917529728366765955""",,Exotic,Helmet,,Warlock,1808,,10,Warlock(1823),true,false,1,1,,9,15,27,28,4,8,91,7,13,15,26,2,6,69,,"Void, Delta",,Recovery Mod*,Heavy Ammo Finder*,Heavy Ammo Finder*,Vanguard Magnus*,Upgrade Armor*,*,*,*,*,Afraid of the Dark*,Abyssal Extractors*,
Candescent Hood,1840892693,"""6917529799182015933""",,Legendary,Helmet,events,Warlock,1809,,10,Warlock(1823),true,false,5,17,Solstice,4,22,19,15,18,4,82,2,20,12,13,16,2,65,,"Necrotic grip, Strand, Alpha, Vanguard",,Minor Recovery Mod*,Heavy Ammo Finder*,Special Ammo Finder*,Harmonic Siphon*,Plated Lupinus*,Upgrade Armor*,*,*,*,*,Psionic Speaker Hood*,
Tangled Web Hood,4113317396,"""6917529886534814899""",,Legendary,Helmet,legendaryengram,Warlock,1806,,4,Warlock(1823),false,false,4,15,,8,6,13,2,11,12,52,8,6,13,2,11,12,52,,,,Upgrade Armor*,*,*,*,*,,,,,,,
Unyielding Favor Hood,3056490591,"""6917529887157142815""",,Legendary,Helmet,seasonpass,Warlock,1806,,3,Warlock(1823),false,false,6,20,,2,14,15,10,21,2,64,2,14,15,10,21,2,64,,,,Upgrade Armor*,*,*,*,*,Queen's Favor*,,,,,,
Winter's Guile,3844826443,"""6917529877875084941""",,Exotic,Gauntlets,,Warlock,1801,,1,Warlock(1823),false,false,1,1,,7,9,16,21,8,2,63,7,9,16,21,8,2,63,,,,Upgrade Armor*,*,*,*,*,Warlord's Sigil*,,,,,,
Gensym Knight Gloves,4221940686,"""6917529582753183009""",,Legendary,Gauntlets,,Warlock,1784,,10,Warlock(1823),true,false,4,15,,4,24,21,12,18,8,87,2,22,9,10,16,6,65,,boots,,Recovery Mod*,Font of Focus*,Kinetic Loader*,Upgrade Armor*,*,*,*,*,,,,
Holdfast Gloves,327547301,"""6917529526653690526""",,Legendary,Gauntlets,seasonpass,Warlock,1800,,10,Warlock(1823),true,false,3,11,,4,31,14,20,11,4,84,2,29,2,18,9,2,62,,"Alpha, Vanguard",,Recovery Mod*,Harmonic Loader*,Grenade Kickstart*,Heavy Handed*,War Weary*,Upgrade Armor*,*,*,*,*,Dawn Singer Gloves*,
Unyielding Favor Gloves,3031934630,"""6917529885201391140""",,Legendary,Gauntlets,seasonpass,Warlock,1800,,3,Warlock(1823),false,false,6,20,,2,17,12,12,9,12,64,2,17,12,12,9,12,64,,,,Upgrade Armor*,*,*,*,*,Queen's Favor*,,,,,,
Tesseract Trace IV,1920259123,"""6917529889815801303""",,Legendary,Gauntlets,legendaryengram,Warlock,1809,,2,Warlock(1823),false,false,3,11,,6,6,12,12,2,12,50,6,6,12,12,2,12,50,,,,Upgrade Armor*,*,*,*,*,,,,,,,
Thunderhead Gloves,3857602975,"""6917529887678513628""",,Legendary,Gauntlets,neomuna,Warlock,1808,,5,Warlock(1823),false,false,6,20,,8,7,14,19,6,7,61,8,7,14,19,6,7,61,,,,Upgrade Armor*,*,*,*,*,,,,,,,
Thunderhead Gloves,3857602975,"""6917529889727752428""",,Legendary,Gauntlets,neomuna,Warlock,1810,,4,Warlock(1823),false,false,6,20,,2,10,19,7,2,20,60,2,10,19,7,2,20,60,,,,Upgrade Armor*,*,*,*,*,,,,,,,
Warmind's Avatar Gloves,1259550198,"""6917529860846389487""",,Legendary,Gauntlets,rasputin,Warlock,1806,,10,Warlock(1823),false,false,5,19,,4,24,22,18,8,12,88,2,22,10,16,6,10,66,,Strand,,Recovery Mod*,Grenade Kickstart*,Harmonic Loader*,Heavy Handed*,Plated Lupinus*,Upgrade Armor*,*,*,*,*,Iron Will Gloves*,Seraph Sensor Array*
Dreambane Robes,4235863403,"""6917529792340064104""",,Legendary,Chest Armor,moon,Warlock,1600,,10,Warlock(1823),false,false,4,13,,4,22,23,8,28,4,89,2,10,21,6,26,2,67,nightmare,Crucible,,Resilience Mod*,Lawful Neutral*,Upgrade Armor*,*,*,*,*,Iron Forerunner Vestments*,,,,
Lightkin Robes,2146386894,"""6917529381834709170""",,Legendary,Chest Armor,servitor,Warlock,1810,,10,Warlock(1823),true,false,4,14,,4,17,17,27,14,4,83,2,15,15,20,12,2,66,,"boots, Necrotic grip, Bubbly, Pit chambere, Void, Delta",,Minor Discipline Mod*,Arc Resistance*,Charged Up*,Emergency Reinforcement*,Vanguard Magnus*,Upgrade Armor*,*,*,*,*,Nemean Robes*,
Mantle of Battle Harmony,3301944824,"""6917529484984471407""",keep,Exotic,Chest Armor,lostsectors,Warlock,1600,,10,Warlock(1823),true,false,4,13,,8,14,28,18,10,9,87,6,2,26,16,8,7,65,,Vanguard,,Resilience Mod*,Sniper Damage Resistance*,Emergency Reinforcement*,Upgrade Armor*,*,*,*,*,Absorption Cells*,,,
Phoenix Protocol,4057299719,"""6917529658597301553""",,Exotic,Chest Armor,,Warlock,1807,,10,Warlock(1823),true,false,2,4,,6,4,41,9,17,9,86,4,2,29,7,15,7,64,,"Welll, Well, saber nf, Nightmare hunt, Alpha",,Recovery Mod*,Arc Resistance*,Emergency Reinforcement*,War Weary*,Upgrade Armor*,*,*,*,*,Phoenixfall*,Battle-Hearth*,
Unyielding Favor Robes,988330314,"""6917529889079370764""",,Legendary,Chest Armor,seasonpass,Warlock,1800,,5,Warlock(1823),false,false,6,20,,10,6,17,6,18,7,64,10,6,17,6,18,7,64,,,,Upgrade Armor*,*,*,*,*,Queen's Favor*,,,,,,
Unyielding Favor Robes,988330314,"""6917529887279163307""",,Legendary,Chest Armor,seasonpass,Warlock,1800,,4,Warlock(1823),false,false,6,20,,11,2,20,13,2,17,65,11,2,20,13,2,17,65,,,,Upgrade Armor*,*,*,*,*,Queen's Favor*,,,,,,
Candescent Robes,2566083804,"""6917529804508717792""",,Legendary,Chest Armor,events,Warlock,1807,,10,Warlock(1823),false,false,5,17,Solstice,4,22,24,11,14,11,86,2,20,12,9,12,9,64,,Strand,,Recovery Mod*,Solar Resistance*,Unflinching Strand Aim*,Emergency Reinforcement*,Plated Lupinus*,Upgrade Armor*,*,*,*,*,Psionic Speaker Robes*,
Boots of the Assembler,3045642045,"""6917529789549940802""",keep,Exotic,Leg Armor,lostsectors,Warlock,1633,,10,Warlock(1823),true,false,4,14,,9,11,18,14,14,8,74,7,9,16,12,12,6,62,,boots,,Skele-Ghaul*,Upgrade Armor*,*,*,*,*,Homespun Boots*,Blessing of Order*,,,,
Praefectus Boots,2804094976,"""6917529280002236732""",,Legendary,Leg Armor,seasonpass,Warlock,1803,,10,Warlock(1823),true,false,4,13,,4,24,17,14,11,14,84,2,22,10,12,9,12,67,,"Prophecy first, Arms dealer nf, Aeon, Prophecy final boss?, Hexahedron prophecy, Starfire, Necrotic grip, Welll, gabmit haunted, Gambit2, Void, Delta",,Minor Recovery Mod*,Innervation*,Stacks on Stacks*,Orbs of Restoration*,Vanguard Magnus*,Upgrade Armor*,*,*,*,*,Legatus Boots*,
Boots of the Assembler,3045642045,"""6917529875432617375""",,Exotic,Leg Armor,lostsectors,Warlock,1806,,9,Warlock(1823),false,false,4,14,,10,10,21,17,12,2,72,10,10,11,17,12,2,62,,Strand,,Recovery Mod*,Stacks on Stacks*,Better Already*,Skele-Ghaul*,Upgrade Armor*,*,*,*,*,Homespun Boots*,Blessing of Order*,
Iron Companion Legs,1741360441,"""6917529886849422642""",,Legendary,Leg Armor,ironbanner,Warlock,1800,,5,Warlock(1823),false,false,5,19,,10,11,10,25,2,6,64,10,11,10,25,2,6,64,,,,Upgrade Armor*,*,*,*,*,Iron Lord's Pride*,,,,,,
Swarmers,2463947681,"""6917529870618369997""",,Exotic,Leg Armor,lostsectors,Warlock,1806,,9,Warlock(1823),true,false,6,20,,6,10,26,11,10,12,75,6,10,16,11,10,12,65,,,,Recovery Mod*,Stacks on Stacks*,Strand Weapon Surge*,Plated Lupinus*,Upgrade Armor*,*,*,*,*,Swarmers*,,
Unyielding Favor Boots,2549387168,"""6917529889469851665""",,Legendary,Leg Armor,seasonpass,Warlock,1800,,3,Warlock(1823),false,false,6,20,,7,10,14,17,13,2,63,7,10,14,17,13,2,63,,,,Upgrade Armor*,*,*,*,*,Queen's Favor*,,,,,,
Candescent Boots,2022821262,"""6917529800518136343""",,Legendary,Leg Armor,events,Warlock,1806,,10,Warlock(1823),true,false,5,17,Solstice,4,22,24,22,14,4,90,2,20,12,20,12,2,68,,"Alpha, Vanguard, Crucible",,Recovery Mod*,Innervation*,Better Already*,Stacks on Stacks*,Midnight Exigent*,Upgrade Armor*,*,*,*,*,Psionic Speaker Boots*,
Iron Companion Legs,1741360441,"""6917529886855382315""",,Legendary,Leg Armor,ironbanner,Warlock,1800,,2,Warlock(1823),false,false,5,19,,2,22,7,12,11,10,64,2,22,7,12,11,10,64,,,,Upgrade Armor*,*,*,*,*,Iron Lord's Pride*,,,,,,
Timur's Iron Bond,108286515,"""6917529283373784434""",keep,Legendary,Warlock Bond,ironbanner,Warlock,1600,,10,Warlock(1823),true,false,4,13,,2,2,12,2,2,2,22,0,0,0,0,0,0,0,,Crucible,,Recovery Mod*,House of Meyrin*,Upgrade Armor*,Wolfswood Bond*,Iron Lord's Pride*,,,,,,,
Holdfast Bond,2771141010,"""6917529195866595417""",,Legendary,Warlock Bond,seasonpass,Warlock,1805,,10,Warlock(1823),true,false,3,11,,2,12,2,2,2,2,22,0,0,0,0,0,0,0,,"Well, Pit of heresy solo, Vanguard",,Resilience Mod*,Bulwark Finisher*,Utility Kickstart*,Bomber*,Malibeaux Bronze*,Upgrade Armor*,Lost Pacific Bond*,,,,,
Prodigal Bond,1207945315,"""6917529887395801302""",,Legendary,Warlock Bond,legendaryengram,Warlock,1808,,1,Warlock(1823),false,false,4,15,,0,0,0,0,0,0,0,0,0,0,0,0,0,0,,,,Upgrade Armor*,,,,,,,,,,,
Wolfswood Bond,2218948028,"""6917529886873285360""",,Legendary,Warlock Bond,ironbanner,Warlock,1808,,1,Warlock(1823),false,false,5,19,,0,0,0,0,0,0,0,0,0,0,0,0,0,0,,,,Upgrade Armor*,Iron Lord's Pride*,,,,,,,,,,
Hodiocentrist Bond,2581516944,"""6917529889103769307""",,Legendary,Warlock Bond,legendaryengram,Warlock,1808,,2,Warlock(1823),false,false,3,11,,0,0,0,0,0,0,0,0,0,0,0,0,0,0,,,,Upgrade Armor*,,,,,,,,,,,
Simulator Hood,2538410394,"""6917529679431423320""",,Legendary,Helmet,fwc,Warlock,1807,,10,Warlock(1823),true,true,3,10,,4,32,4,14,29,4,87,2,30,2,2,27,2,65,,"Arms dealer nf, Aeon, gabmit haunted, Gambit2, Solar, Nightfall",,Discipline Mod*,Special Ammo Finder*,Heavy Ammo Finder*,Harmonic Siphon*,Transcendental Ambition*,Upgrade Armor*,*,*,*,*,Iron Companion Hood*,
Lightkin Gloves,3862902650,"""6917529359921383940""",,Legendary,Gauntlets,servitor,Warlock,1805,,10,Warlock(1823),true,true,4,14,,4,24,19,29,4,4,84,2,22,7,27,2,2,62,,"Prophecy first, Prophecy final boss?, Hexahedron prophecy, Starfire, Welll, Well, Bubbly, saber nf, Void, Solar, Nightfall, Delta, Crucible",,Recovery Mod*,Harmonic Dexterity*,Grenade Kickstart*,Harmonic Loader*,Transcendental Ambition*,Upgrade Armor*,*,*,*,*,Legatus Gloves*,
Starfire Protocol,2082483156,"""6917529501002236666""",,Exotic,Chest Armor,,Warlock,1808,,10,Warlock(1823),true,true,1,1,,9,16,21,18,10,10,84,7,9,19,16,8,8,67,,"Prophecy first, Prophecy final boss?, Hexahedron prophecy, Starfire, Pit of heresy solo, Solar, Nightfall",,Minor Resilience Mod*,Harmonic Resistance*,Harmonic Resistance*,Emergency Reinforcement*,Carbon Blood*,Upgrade Armor*,*,*,*,*,Fusion Harness*,
Cinder Pinion Boots,1210111349,"""6917529214306383196""",,Legendary,Leg Armor,crucible,Warlock,1810,,10,Warlock(1823),false,true,4,12,,4,17,16,29,10,4,80,2,15,14,22,8,2,63,,"Solar, Nightfall",,Minor Discipline Mod*,Better Already*,Stacks on Stacks*,Harmonic Scavenger*,Upgrade Armor*,*,*,*,*,,,
Warmind's Avatar Bond,1934312075,"""6917529855987410315""",,Legendary,Warlock Bond,rasputin,Warlock,1810,,10,Warlock(1823),true,true,5,19,,2,12,2,2,2,2,22,0,0,0,0,0,0,0,,"boots, Void, Strand, Solar, Nightfall, Alpha, Delta",,Resilience Mod*,Proximity Ward*,Utility Kickstart*,Bomber*,Paragon*,Upgrade Armor*,Photosuede Bond*,Seraph Sensor Array*,,,,
Graviton Forfeit,2773056939,"""6917529201724082080""",,Exotic,Helmet,,Hunter,1600,,3,Hunter(1666),false,false,1,2,,15,7,8,8,15,6,59,15,7,8,8,15,6,59,,,,Upgrade Armor*,*,*,*,*,Vanishing Shadow*,,,,,,
Solstice Mask (Magnificent),3742741341,"""6917529201986770710""",,Legendary,Helmet,events,Hunter,1600,,1,Hunter(1666),true,false,3,11,Solstice,7,13,12,11,6,14,63,7,13,12,11,6,14,63,,,,Upgrade Armor*,*,*,*,*,,,,,,,
Candescent Mask,1529773610,"""6917529799754089369""",,Legendary,Helmet,events,Hunter,1600,,1,Hunter(1666),false,false,5,17,Solstice,10,17,2,14,7,7,57,10,17,2,14,7,7,57,,,,Anyone's Game*,Upgrade Armor*,*,*,*,*,,,,,,
Scatterhorn Mask,1164347863,"""6917529812235322129""",,Legendary,Helmet,tangled,Hunter,1600,,8,Hunter(1666),false,false,4,14,,2,12,12,12,20,2,60,2,12,12,12,20,2,60,,,,Tangled Rust*,Upgrade Armor*,*,*,*,*,,,,,,
Warmind's Avatar Mask,648266032,"""6917529864764182318""",,Legendary,Helmet,rasputin,Hunter,1600,,3,Hunter(1666),false,false,5,19,,2,22,10,19,8,6,67,2,22,10,19,8,6,67,,,,Upgrade Armor*,*,*,*,*,Seraph Sensor Array*,,,,,,
Wild Hunt Mask,4079117607,"""6917529212770715537""",,Legendary,Helmet,seasonpass,Hunter,1600,,6,Hunter(1666),true,false,4,12,,7,6,20,6,20,7,66,7,6,20,6,20,7,66,,,,Upgrade Armor*,*,*,*,*,Steeplechase Mask*,,,,,,
Praefectus Mask,505747572,"""6917529296877293925""",,Legendary,Helmet,seasonpass,Hunter,1600,,6,Hunter(1666),true,false,4,13,,9,6,18,7,6,20,66,9,6,18,7,6,20,66,,,,Upgrade Armor*,*,*,*,*,Legatus Mask*,,,,,,
Tusked Allegiance Mask,2516879931,"""6917529681131152550""",,Legendary,Helmet,psiops,Hunter,1600,,3,Hunter(1666),false,false,5,16,,20,2,10,15,15,2,64,20,2,10,15,15,2,64,,,,War Weary*,Upgrade Armor*,*,*,*,*,Legatus Mask*,,,,,
Eidolon Pursuant Mask,1285042454,"""6917529797226166495""",,Legendary,Helmet,haunted,Hunter,1600,,3,Hunter(1666),false,false,5,17,,16,2,16,9,15,6,64,16,2,16,9,15,6,64,,,,Upgrade Armor*,*,*,*,*,Visage of the Reaper*,,,,,,
Shinobu's Vow,1053737370,"""6917529722704591345""",,Exotic,Gauntlets,,Hunter,1600,,1,Hunter(1666),false,false,1,2,,3,16,14,14,7,8,62,3,16,14,14,7,8,62,,,,Upgrade Armor*,*,*,*,*,New Tricks*,,,,,,
Warmind's Avatar Vambraces,446049665,"""6917529864764190401""",,Legendary,Gauntlets,rasputin,Hunter,1600,,3,Hunter(1666),false,false,5,19,,6,15,10,14,6,11,62,6,15,10,14,6,11,62,,,,Upgrade Armor*,*,*,*,*,Seraph Sensor Array*,,,,,,
Scatterhorn Grasps,237758814,"""6917529812218274647""",,Legendary,Gauntlets,tangled,Hunter,1600,,8,Hunter(1666),false,false,4,14,,2,12,12,12,20,2,60,2,12,12,12,20,2,60,,,,Tangled Rust*,Upgrade Armor*,*,*,*,*,,,,,,
Holdfast Grips,3750210364,"""6917529202053025833""",,Legendary,Gauntlets,seasonpass,Hunter,1600,,5,Hunter(1666),false,false,3,11,,13,2,14,21,2,8,60,13,2,14,21,2,8,60,,,,Upgrade Armor*,*,*,*,*,,,,,,,
Liar's Handshake,4165919945,"""6917529812264954395""",,Exotic,Gauntlets,,Hunter,1600,,8,Hunter(1666),false,false,2,6,,4,12,12,12,20,2,62,4,12,12,12,20,2,62,,,,Upgrade Armor*,*,*,*,*,Cross Counter*,,,,,,
Eidolon Pursuant Handguards,2489136103,"""6917529799754082384""",,Legendary,Gauntlets,haunted,Hunter,1600,,3,Hunter(1666),false,false,5,17,,20,6,6,13,12,6,63,20,6,6,13,12,6,63,,,,Upgrade Armor*,*,*,*,*,Visage of the Reaper*,,,,,,
Wild Hunt Grasps,2025716654,"""6917529212770713067""",,Legendary,Gauntlets,seasonpass,Hunter,1600,,6,Hunter(1666),true,false,4,12,,9,6,18,2,19,12,66,9,6,18,2,19,12,66,,,,Upgrade Armor*,*,*,*,*,Steeplechase Grasps*,,,,,,
Praefectus Grips,3673119885,"""6917529296890506560""",,Legendary,Gauntlets,seasonpass,Hunter,1600,,6,Hunter(1666),true,false,4,13,,6,9,18,6,10,16,65,6,9,18,6,10,16,65,,,,Upgrade Armor*,*,*,*,*,Legatus Grips*,,,,,,
Tusked Allegiance Grips,4017738218,"""6917529681136427497""",,Legendary,Gauntlets,psiops,Hunter,1600,,3,Hunter(1666),false,false,5,16,,18,2,12,14,8,10,64,18,2,12,14,8,10,64,,,,War Weary*,Upgrade Armor*,*,*,*,*,,,,,,
Solstice Vest (Magnificent),1167143060,"""6917529201991323115""",,Legendary,Chest Armor,events,Hunter,1600,,2,Hunter(1666),true,false,3,11,Solstice,18,7,7,16,6,10,64,18,7,7,16,6,10,64,,,,Upgrade Armor*,*,*,*,*,,,,,,,
Heiro Camo,2432846050,"""6917529863020701336""",,Legendary,Chest Armor,legendaryengram,Warlock,1600,,2,Hunter(1666),false,false,4,15,,6,8,19,13,13,2,61,6,8,19,13,13,2,61,,,,Upgrade Armor*,*,*,*,*,,,,,,,
Holdfast Vest,2930001572,"""6917529202053023209""",,Legendary,Chest Armor,seasonpass,Hunter,1600,,5,Hunter(1666),false,false,3,11,,16,16,2,16,10,2,62,16,16,2,16,10,2,62,,,,Upgrade Armor*,*,*,*,*,,,,,,,
Candescent Vest,3876588445,"""6917529799754083982""",,Legendary,Chest Armor,events,Hunter,1600,,3,Hunter(1666),false,false,5,17,Solstice,2,17,8,13,8,6,54,2,17,8,13,8,6,54,,,,Anyone's Game*,Upgrade Armor*,*,*,*,*,,,,,,
Eidolon Pursuant Tunic,29154321,"""6917529797226168535""",,Legendary,Chest Armor,haunted,Hunter,1600,,3,Hunter(1666),false,false,5,17,,17,2,12,2,21,9,63,17,2,12,2,21,9,63,,,,Upgrade Armor*,*,*,*,*,Visage of the Reaper*,,,,,,
Scatterhorn Vest,4044826514,"""6917529812258917226""",,Legendary,Chest Armor,tangled,Hunter,1600,,8,Hunter(1666),false,false,4,14,,2,12,12,12,20,2,60,2,12,12,12,20,2,60,,,,Tangled Rust*,Upgrade Armor*,*,*,*,*,,,,,,
Warmind's Avatar Vest,4116381015,"""6917529864769916572""",,Legendary,Chest Armor,rasputin,Hunter,1600,,3,Hunter(1666),false,false,5,19,,2,30,2,22,6,6,68,2,30,2,22,6,6,68,,,,Upgrade Armor*,*,*,*,*,Seraph Sensor Array*,,,,,,
Wild Hunt Vest,1458739906,"""6917529212777634204""",,Legendary,Chest Armor,seasonpass,Hunter,1600,,6,Hunter(1666),true,false,4,12,,9,18,6,8,19,6,66,9,18,6,8,19,6,66,,,,Upgrade Armor*,*,*,*,*,Steeplechase Vest*,,,,,,
Warmind's Avatar Legguards,1940895219,"""6917529864764184870""",,Legendary,Leg Armor,rasputin,Hunter,1600,,3,Hunter(1666),false,false,5,19,,6,15,10,16,6,10,63,6,15,10,16,6,10,63,,,,Upgrade Armor*,*,*,*,*,Seraph Sensor Array*,,,,,,
Solstice Strides (Magnificent),3275463030,"""6917529201991325769""",,Legendary,Leg Armor,events,Hunter,1600,,2,Hunter(1666),true,false,3,11,Solstice,13,2,16,14,10,6,61,13,2,16,14,10,6,61,,,,Upgrade Armor*,*,*,*,*,,,,,,,
Candescent Strides,1270288709,"""6917529799746687100""",,Legendary,Leg Armor,events,Hunter,1600,,4,Hunter(1666),false,false,5,17,Solstice,6,13,6,8,11,6,50,6,13,6,8,11,6,50,,,,Anyone's Game*,Upgrade Armor*,*,*,*,*,,,,,,
Tusked Allegiance Strides,3056950148,"""6917529681136431315""",,Legendary,Leg Armor,psiops,Hunter,1600,,3,Hunter(1666),false,false,5,16,,18,2,12,9,21,2,64,18,2,12,9,21,2,64,,,,Upgrade Armor*,*,*,*,*,,,,,,,
Unyielding Favor Strides,4290220099,"""6917529886474844106""",,Legendary,Leg Armor,seasonpass,Hunter,1687,,3,Hunter(1666),false,false,6,20,,18,2,12,9,21,2,64,18,2,12,9,21,2,64,,,,Upgrade Armor*,*,*,*,*,Queen's Favor*,,,,,,
Wild Hunt Strides,238284968,"""6917529212777640982""",,Legendary,Leg Armor,seasonpass,Hunter,1600,,6,Hunter(1666),true,false,4,12,,10,16,6,6,20,7,65,10,16,6,6,20,7,65,,,,Upgrade Armor*,*,*,*,*,Steeplechase Strides*,,,,,,
Praefectus Strides,48951631,"""6917529296890510623""",,Legendary,Leg Armor,seasonpass,Hunter,1600,,6,Hunter(1666),true,false,4,13,,6,9,18,7,6,20,66,6,9,18,7,6,20,66,,,,Upgrade Armor*,*,*,*,*,Legatus Strides*,,,,,,
Scatterhorn Strides,1081701944,"""6917529812264953692""",,Legendary,Leg Armor,tangled,Hunter,1600,,8,Hunter(1666),false,false,4,14,,2,12,12,12,20,2,60,2,12,12,12,20,2,60,,,,Tangled Rust*,Upgrade Armor*,*,*,*,*,,,,,,
Holdfast Cloak,3673831673,"""6917529201685062071""",,Legendary,Hunter Cloak,seasonpass,Hunter,1600,,6,Hunter(1666),true,false,3,11,,0,0,0,0,0,0,0,0,0,0,0,0,0,0,,,,Glacial Whisper*,Upgrade Armor*,Siegebreak Cloak*,,,,,,,,,
Candescent Cloak,1043609040,"""6917529799754084624""",,Legendary,Hunter Cloak,events,Hunter,1600,,3,Hunter(1666),false,false,5,17,Solstice,0,0,0,0,0,0,0,0,0,0,0,0,0,0,,,,Anyone's Game*,Upgrade Armor*,,,,,,,,,,
Holdfast Cloak,3673831673,"""6917529202042300517""",,Legendary,Hunter Cloak,seasonpass,Hunter,1600,,6,Hunter(1666),false,false,3,11,,0,0,0,0,0,0,0,0,0,0,0,0,0,0,,,,Upgrade Armor*,,,,,,,,,,,
Eidolon Pursuant Cloak,2224584236,"""6917529797191574221""",,Legendary,Hunter Cloak,haunted,Hunter,1600,,3,Hunter(1666),false,false,5,17,,0,0,0,0,0,0,0,0,0,0,0,0,0,0,,,,Upgrade Armor*,Visage of the Reaper*,,,,,,,,,,
Scatterhorn Cloak,345100195,"""6917529812264959380""",,Legendary,Hunter Cloak,tangled,Hunter,1600,,8,Hunter(1666),false,false,4,14,,0,0,0,0,0,0,0,0,0,0,0,0,0,0,,,,Tangled Rust*,Upgrade Armor*,,,,,,,,,,
Warmind's Avatar Cloak,1949733158,"""6917529864769920530""",,Legendary,Hunter Cloak,rasputin,Hunter,1600,,3,Hunter(1666),false,false,5,19,,0,0,0,0,0,0,0,0,0,0,0,0,0,0,,,,Upgrade Armor*,Seraph Sensor Array*,,,,,,,,,,
Icarus Drifter Cape,1153347999,"""6917529797226164066""",,Legendary,Hunter Cloak,legendaryengram,Hunter,1600,,2,Hunter(1666),false,false,3,11,,0,0,0,0,0,0,0,0,0,0,0,0,0,0,,,,Upgrade Armor*,,,,,,,,,,,
Praefectus Cloak,1010644330,"""6917529296890510727""",,Legendary,Hunter Cloak,seasonpass,Hunter,1600,,6,Hunter(1666),true,false,4,13,,0,0,0,0,0,0,0,0,0,0,0,0,0,0,,,,Upgrade Armor*,Legatus Cloak*,,,,,,,,,,
Unyielding Favor Mask,2598029856,"""6917529886487707068""",,Legendary,Helmet,seasonpass,Hunter,1723,,3,Hunter(1666),false,true,6,20,,20,2,10,15,15,2,64,20,2,10,15,15,2,64,,,,Upgrade Armor*,*,*,*,*,Queen's Favor*,,,,,,
Unyielding Favor Grips,164103153,"""6917529886474849710""",,Legendary,Gauntlets,seasonpass,Hunter,1677,,3,Hunter(1666),false,true,6,20,,18,2,12,14,8,10,64,18,2,12,14,8,10,64,,,,Upgrade Armor*,*,*,*,*,Queen's Favor*,,,,,,
Unyielding Favor Vest,3995603239,"""6917529886442198070""",,Legendary,Chest Armor,seasonpass,Hunter,1710,,3,Hunter(1666),false,true,6,20,,22,2,8,2,19,9,62,22,2,8,2,19,9,62,,,,Upgrade Armor*,*,*,*,*,Queen's Favor*,,,,,,
St0mp-EE5,193869520,"""6917529201977705947""",,Exotic,Leg Armor,,Hunter,1600,,4,Hunter(1666),false,true,1,1,,25,2,6,11,18,2,64,25,2,6,11,18,2,64,,,,War Weary*,Upgrade Armor*,*,*,*,*,Hydraulic Boosters*,,,,,
Unyielding Favor Cloak,840487990,"""6917529886487711897""",,Legendary,Hunter Cloak,seasonpass,Hunter,1697,,3,Hunter(1666),false,true,6,20,,0,0,0,0,0,0,0,0,0,0,0,0,0,0,,,,Upgrade Armor*,Queen's Favor*,,,,,,,,,,
Khepri's Horn,2384488862,"""6917529864718187764""",,Exotic,Helmet,,Titan,1600,,2,Titan(1762),false,false,1,2,,9,15,10,8,14,9,65,9,15,10,8,14,9,65,,,,Upgrade Armor*,*,*,*,*,Solar Rampart*,,,,,,
Warmind's Avatar Helm,1059446290,"""6917529864695144718""",,Legendary,Helmet,rasputin,Titan,1600,,3,Titan(1762),false,false,5,19,,2,30,2,2,10,22,68,2,30,2,2,10,22,68,,,,Upgrade Armor*,*,*,*,*,Seraph Sensor Array*,,,,,,
Mask of the Quiet One,3883866764,"""6917529884691196367""",,Exotic,Helmet,,Titan,1802,,1,Titan(1762),false,false,1,1,,7,9,18,16,7,10,67,7,9,18,16,7,10,67,,,,Upgrade Armor*,*,*,*,*,Dreaded Visage*,,,,,,
Helm of Saint-14,106575079,"""6917529808836037576""",,Exotic,Helmet,,Titan,1600,,3,Titan(1762),false,false,1,2,,7,16,9,2,13,15,62,7,16,9,2,13,15,62,,,,Upgrade Armor*,*,*,*,*,Starless Night*,,,,,,
Reverie Dawn Helm,1472713738,"""6917529812258917411""",,Legendary,Helmet,dreaming,Titan,1600,,8,Titan(1762),false,false,4,13,,2,12,12,12,20,2,60,2,12,12,12,20,2,60,,,,Upgrade Armor*,*,*,*,*,,,,,,,
Unyielding Favor Helmet,1089162050,"""6917529887157144007""",,Legendary,Helmet,seasonpass,Titan,1803,,3,Titan(1762),false,false,6,20,,2,12,18,14,15,2,63,2,12,18,14,15,2,63,,,,Upgrade Armor*,*,*,*,*,Queen's Favor*,,,,,,
One-Eyed Mask,2578771006,"""6917529887150377484""",,Exotic,Helmet,,Titan,1803,,1,Titan(1762),false,false,2,4,,8,8,17,2,22,8,65,8,8,17,2,22,8,65,,,,Upgrade Armor*,*,*,*,*,Vengeance*,,,,,,
Eternal Warrior,2808156426,"""6917529887157148341""",,Exotic,Helmet,,Titan,1803,,1,Titan(1762),false,false,1,3,,2,16,15,6,17,10,66,2,16,15,6,17,10,66,,,,Upgrade Armor*,*,*,*,*,Resolute*,,,,,,
Ursa Furiosa,1848640623,"""6917529864710845615""",,Exotic,Gauntlets,,Titan,1600,,4,Titan(1762),false,false,2,4,,12,12,10,18,11,2,65,12,12,10,18,11,2,65,,,,Upgrade Armor*,*,*,*,*,Ursine Guard*,,,,,,
Reverie Dawn Gauntlets,1478378067,"""6917529812245739987""",,Legendary,Gauntlets,dreaming,Titan,1600,,8,Titan(1762),false,false,4,13,,2,12,12,12,20,2,60,2,12,12,12,20,2,60,,,,Upgrade Armor*,*,*,*,*,,,,,,,
Illicit Invader Gauntlets,685165933,"""6917529795922176372""",,Legendary,Gauntlets,,Titan,1800,,10,Titan(1762),true,false,4,15,,4,42,4,11,17,8,86,2,30,2,9,15,6,64,,Void,,Resilience Mod*,Firepower*,Kinetic Loader*,Momentum Transfer*,Vanguard Veteran*,Upgrade Armor*,*,*,*,*,Thunderhead Gauntlets*,
Citan's Ramparts,1190497097,"""6917529884691193447""",,Exotic,Gauntlets,,Titan,1802,,5,Titan(1762),false,false,3,10,,9,12,10,8,21,2,62,9,12,10,8,21,2,62,,,,Upgrade Armor*,*,*,*,*,Assault Barricade*,,,,,,
Wormgod Caress,1734844651,"""6917529864718186547""",,Exotic,Gauntlets,,Titan,1600,,1,Titan(1762),false,false,1,3,,10,13,10,7,6,17,63,10,13,10,7,6,17,63,,,,Upgrade Armor*,*,*,*,*,Burning Fists*,,,,,,
ACD/0 Feedback Fence,2563444729,"""6917529864718190642""",,Exotic,Gauntlets,,Titan,1600,,1,Titan(1762),false,false,1,1,,10,20,2,2,16,12,62,10,20,2,2,16,12,62,,,,Upgrade Armor*,*,*,*,*,Fury Conductors*,,,,,,
Synthoceps,241462142,"""6917529794530715026""",,Exotic,Gauntlets,,Titan,1600,,9,Titan(1762),true,false,1,1,,6,17,11,17,8,6,65,6,17,11,17,8,6,65,,Titan,,Deprecated Armor Mod*,Cargulo Bristle*,Upgrade Armor*,*,*,*,*,Biotic Enhancements*,,,,
Unyielding Favor Gauntlets,428806571,"""6917529883674647176""",,Legendary,Gauntlets,seasonpass,Titan,1768,,3,Titan(1762),false,false,6,20,,2,12,18,15,10,7,64,2,12,18,15,10,7,64,,,,Upgrade Armor*,*,*,*,*,Queen's Favor*,,,,,,
Aeon Safe,1654461647,"""6917529884691200372""",,Exotic,Gauntlets,,Titan,1802,,2,Titan(1762),false,false,1,2,,7,12,14,6,10,16,65,7,12,14,6,10,16,65,,,,Upgrade Armor*,*,*,*,*,Sect of Force*,,,,,,
Eidolon Pursuant Plate,2288543943,"""6917529796955671853""",,Legendary,Chest Armor,haunted,Titan,1600,,3,Titan(1762),false,false,5,17,,2,13,18,10,16,6,65,2,13,18,10,16,6,65,,,,Upgrade Armor*,*,*,*,*,Visage of the Reaper*,,,,,,
Crest of Alpha Lupi,1591207519,"""6917529884633984479""",,Exotic,Chest Armor,,Titan,1802,,1,Titan(1762),false,false,1,1,,8,10,14,6,18,7,63,8,10,14,6,18,7,63,,,,Upgrade Armor*,*,*,*,*,Survival Well*,,,,,,
Tusked Allegiance Plate,438108034,"""6917529681157938185""",,Legendary,Chest Armor,psiops,Titan,1600,,6,Titan(1762),false,false,5,16,,2,24,7,6,20,6,65,2,24,7,6,20,6,65,,Titan,,Deprecated Armor Mod*,Cargulo Bristle*,Upgrade Armor*,*,*,*,*,BrayTech Iron-Heart Engine*,,,,
Warmind's Avatar Chestplate,839296981,"""6917529864710851057""",,Legendary,Chest Armor,rasputin,Titan,1600,,3,Titan(1762),false,false,5,19,,2,30,2,15,10,6,65,2,30,2,15,10,6,65,,,,Upgrade Armor*,*,*,*,*,Seraph Sensor Array*,,,,,,
Reverie Dawn Plate,2561756285,"""6917529812270999411""",,Legendary,Chest Armor,dreaming,Titan,1600,,8,Titan(1762),false,false,4,13,,2,12,12,12,20,2,60,2,12,12,12,20,2,60,,,,Upgrade Armor*,*,*,*,*,,,,,,,
Severance Enclosure,2326396534,"""6917529884664159526""",,Exotic,Chest Armor,,Titan,1802,,1,Titan(1762),false,false,3,9,,2,9,21,16,2,12,62,2,9,21,16,2,12,62,,,,Upgrade Armor*,*,*,*,*,Spheromatik Trigger*,,,,,,
Actium War Rig,1591207518,"""6917529864718182776""",,Exotic,Chest Armor,,Titan,1600,,1,Titan(1762),false,false,1,1,,17,11,7,21,7,2,65,17,11,7,21,7,2,65,,,,Upgrade Armor*,*,*,*,*,Auto-Loading Link*,,,,,,
Armamentarium,3874247549,"""6917529867835426356""",,Exotic,Chest Armor,,Titan,1801,,9,Titan(1762),false,false,1,3,,2,14,27,20,7,6,76,2,14,17,20,7,6,66,,Void,,Recovery Mod*,Solar Resistance*,Emergency Reinforcement*,Vanguard Veteran*,Upgrade Armor*,*,*,*,*,And Another Thing*,,
Tusked Allegiance Greaves,2270509928,"""6917529681157933556""",,Legendary,Leg Armor,psiops,Titan,1600,,9,Titan(1762),false,false,5,16,,2,12,18,15,15,2,64,2,12,18,15,15,2,64,,Titan,,Deprecated Armor Mod*,Cargulo Bristle*,Upgrade Armor*,*,*,*,*,Ringwalker Greaves*,,,,
Lion Rampant,3539357318,"""6917529884677882945""",,Exotic,Leg Armor,,Titan,1802,,3,Titan(1762),false,false,1,1,,9,11,13,16,6,9,64,9,11,13,16,6,9,64,,,,Upgrade Armor*,*,*,*,*,Jump Jets*,,,,,,
Ketchkiller's Greaves,1640403802,"""6917529864454376772""",,Legendary,Leg Armor,plunder,Titan,1600,,3,Titan(1762),false,false,5,18,,2,13,10,13,7,6,51,2,13,10,13,7,6,51,,,,Upgrade Armor*,*,*,*,*,,,,,,,
Dunemarchers,1160559849,"""6917529864718185223""",,Exotic,Leg Armor,,Titan,1600,,5,Titan(1762),false,false,1,1,,18,15,2,9,10,11,65,18,15,2,9,10,11,65,,,,Upgrade Armor*,*,*,*,*,Linear Actuators*,,,,,,
Warmind's Avatar Legplates,4270910189,"""6917529864718183170""",,Legendary,Leg Armor,rasputin,Titan,1600,,3,Titan(1762),false,false,5,19,,6,22,6,10,10,10,64,6,22,6,10,10,10,64,,,,Upgrade Armor*,*,*,*,*,Seraph Sensor Array*,,,,,,
Peregrine Greaves,2255796155,"""6917529884691200120""",,Exotic,Leg Armor,,Titan,1802,,2,Titan(1762),false,false,2,7,,3,3,27,6,9,13,61,3,3,27,6,9,13,61,,,,Upgrade Armor*,*,*,*,*,Peregrine Strike*,,,,,,
Unyielding Favor Greaves,1903444925,"""6917529883668104812""",,Legendary,Leg Armor,seasonpass,Titan,1770,,3,Titan(1762),false,false,6,20,,2,12,18,15,15,2,64,2,12,18,15,15,2,64,,,,Upgrade Armor*,*,*,*,*,Queen's Favor*,,,,,,
Abeyant Leap,3637722482,"""6917529884677891552""",,Exotic,Leg Armor,lostsectors,Titan,1802,,1,Titan(1762),false,false,6,20,,6,16,12,11,10,12,67,6,16,12,11,10,12,67,,,,Upgrade Armor*,*,*,*,*,Puppeteer's Control*,,,,,,
Wild Hunt Mark,2279193565,"""6917529212783382305""",,Legendary,Titan Mark,seasonpass,Titan,1600,,6,Titan(1762),false,false,4,12,,0,0,0,0,0,0,0,0,0,0,0,0,0,0,,,,Upgrade Armor*,Steeplechase Mark*,,,,,,,,,,
Be Thy Champion,3076446677,"""6917529794516329086""",,Legendary,Titan Mark,legendaryengram,Titan,1600,,5,Titan(1762),false,false,4,15,,0,0,0,0,0,0,0,0,0,0,0,0,0,0,,,,Upgrade Armor*,,,,,,,,,,,
Tusked Allegiance Helmet,2240729575,"""6917529681152441514""",,Legendary,Helmet,psiops,Titan,1800,,9,Titan(1762),false,true,5,16,,2,12,28,14,15,2,73,2,12,18,14,15,2,63,,"Titan, Void",,Recovery Mod*,Heavy Ammo Finder*,Harmonic Siphon*,Vanguard Veteran*,Upgrade Armor*,*,*,*,*,Photosuede Helmet*,,
Doom Fang Pauldron,241462141,"""6917529861123586486""",,Exotic,Gauntlets,,Titan,1600,,1,Titan(1762),false,true,1,1,,8,20,3,2,15,15,63,8,20,3,2,15,15,63,,,,Upgrade Armor*,*,*,*,*,Horns of Doom*,,,,,,
Unyielding Favor Plate,3312368357,"""6917529883976571105""",,Legendary,Chest Armor,seasonpass,Titan,1800,,3,Titan(1762),false,true,6,20,,2,24,7,6,20,6,65,2,24,7,6,20,6,65,,,,Upgrade Armor*,*,*,*,*,Queen's Favor*,,,,,,
Reverie Dawn Greaves,788771493,"""6917529812271001459""",,Legendary,Leg Armor,dreaming,Titan,1800,,8,Titan(1762),false,true,4,13,,2,12,22,12,20,2,70,2,12,12,12,20,2,60,,Void,,Recovery Mod*,Void Scavenger*,Better Already*,Vanguard Veteran*,Upgrade Armor*,*,*,*,*,Ringwalker Greaves*,,
Praefectus Mark,1659172686,"""6917529296877299673""",,Legendary,Titan Mark,seasonpass,Titan,1800,,10,Titan(1762),true,true,4,13,,2,2,12,2,2,2,22,0,0,0,0,0,0,0,,"Titan, Void",,Recovery Mod*,Proximity Ward*,Bomber*,Reaper*,Vanguard Veteran*,Upgrade Armor*,Thunderhead Mark*,,,,,
Tusked Allegiance Robes,3465627817,"""6917529660294780204""",,Legendary,Chest Armor,psiops,Warlock,1600,,3,Vault,false,false,5,16,,2,12,18,8,16,8,64,2,12,18,8,16,8,64,,,,Upgrade Armor*,*,*,*,*,,,,,,,
Hallowfire Heart,1192890598,"""6917529799765283547""",,Exotic,Chest Armor,,Titan,1600,,1,Vault,false,false,1,1,,12,18,6,10,13,7,66,12,18,6,10,13,7,66,,,,Upgrade Armor*,*,*,*,*,Sunfire Furnace*,,,,,,
Cuirass of the Falling Star,2321120637,"""6917529812258913986""",,Exotic,Chest Armor,lostsectors,Titan,1600,,8,Vault,false,false,4,13,,2,12,12,12,20,2,60,2,12,12,12,20,2,60,,,,Upgrade Armor*,*,*,*,*,Glorious Charge*,,,,,,
Lost Pacific Boots,253235190,"""6917529798450699916""",,Legendary,Leg Armor,,Warlock,1600,,1,Vault,false,false,4,15,,2,7,23,15,16,2,65,2,7,23,15,16,2,65,,,,Upgrade Armor*,*,*,*,*,,,,,,,
Heart of Inmost Light,1341951177,"""6917529864718188841""",,Exotic,Chest Armor,,Titan,1600,,1,Vault,false,false,2,4,,9,17,8,6,18,6,64,9,17,8,6,18,6,64,,,,Upgrade Armor*,*,*,*,*,Overflowing Light*,,,,,,
Mask of the Quiet One,3883866764,"""6917529795914744125""",,Exotic,Helmet,,Titan,1600,,4,Vault,false,false,1,1,,9,14,10,8,9,15,65,9,14,10,8,9,15,65,,,,Upgrade Armor*,*,*,*,*,Dreaded Visage*,,,,,,
Apotheosis Veil,1096253259,"""6917529212327949268""",,Exotic,Helmet,,Warlock,1600,,3,Vault,false,false,1,3,,2,3,29,9,16,7,66,2,3,29,9,16,7,66,,,,Upgrade Armor*,*,*,*,*,Insatiable*,,,,,,
Mk. 44 Stand Asides,136355432,"""6917529864695145669""",,Exotic,Leg Armor,,Titan,1600,,2,Vault,false,false,1,2,,3,19,12,19,2,11,66,3,19,12,19,2,11,66,,,,Upgrade Armor*,*,*,*,*,"Seriously, Watch Out*",,,,,,
Astrocyte Verse,3948284065,"""6917529799933752091""",keep,Exotic,Helmet,,Warlock,1600,,3,Vault,true,false,2,7,,9,15,10,16,12,2,64,9,15,10,16,12,2,64,,,,Upgrade Armor*,*,*,*,*,Move to Survive*,,,,,,
Solstice Gloves (Magnificent),731283469,"""6917529201152117228""",,Legendary,Gauntlets,events,Warlock,1600,,2,Vault,true,false,3,11,Solstice,2,12,19,7,10,16,66,2,12,19,7,10,16,66,,,,Upgrade Armor*,*,*,*,*,,,,,,,
Sanguine Alchemy,3070555693,"""6917529318248652309""",,Exotic,Chest Armor,,Warlock,1600,,2,Vault,false,false,1,3,,2,7,24,7,14,12,66,2,7,24,7,14,12,66,,,,Upgrade Armor*,*,*,*,*,Blood Magic*,,,,,,
Osmiomancy Gloves,3259193988,"""6917529744882407593""",,Exotic,Gauntlets,lostsectors,Warlock,1600,,10,Vault,true,false,5,16,,8,8,21,19,12,8,76,6,6,19,17,10,6,64,,"gabmit haunted, Gambit2, Cold PVP",,Deprecated Armor Mod*,Pole Position*,Upgrade Armor*,*,*,*,*,Fervid Coldsnap*,,,,
Channeling Treads (CODA),2022923313,"""6917529865040264898""",,Legendary,Leg Armor,dungeon,Warlock,1600,,3,Vault,false,false,3,11,,2,6,24,8,12,8,60,2,6,24,8,12,8,60,,,,Upgrade Armor*,*,*,*,*,,,,,,,
Tethering Void,1418191157,"""6917529218383704421""",keep,Legendary,Warlock Bond,,Warlock,1683,,10,Vault,true,false,4,12,,2,2,2,2,2,2,12,0,0,0,0,0,0,0,,"Pit chambere, Loot cave boss",,Deprecated Armor Mod*,Butterbark*,Upgrade Armor*,,,,,,,,,
Phobos Warden Robes,1512386434,"""6917529556420977850""",,Legendary,Chest Armor,strikes,Warlock,1600,,3,Vault,false,false,4,14,,11,8,9,21,7,2,58,11,8,9,21,7,2,58,,,,Upgrade Armor*,*,*,*,*,,,,,,,
Candescent Gloves,516735972,"""6917529804508715223""",,Legendary,Gauntlets,events,Warlock,1600,,1,Vault,false,false,5,17,Solstice,2,20,12,6,15,9,64,2,20,12,6,15,9,64,,,,Upgrade Armor*,*,*,*,*,,,,,,,
Iron Will Gloves,3179623987,"""6917529215135696603""",,Legendary,Gauntlets,ironbanner,Warlock,1600,,1,Vault,false,false,4,12,,2,15,14,13,9,10,63,2,15,14,13,9,10,63,,,,Iron Mossbone*,Upgrade Armor*,*,*,*,*,Iron Lord's Pride*,,,,,
Gensym Knight Robes,481073890,"""6917529598901467878""",,Legendary,Chest Armor,,Warlock,1600,,4,Vault,false,false,4,15,,2,7,23,10,7,16,65,2,7,23,10,7,16,65,,,,Upgrade Armor*,*,*,*,*,,,,,,,
Insight Vikti Boots,2837138379,"""6917529593429582244""",,Legendary,Leg Armor,legendaryengram,Warlock,1600,,2,Vault,false,false,3,11,,9,22,2,23,6,2,64,9,22,2,23,6,2,64,,,,Upgrade Armor*,*,*,*,*,,,,,,,
Ego Talon IV,1390681142,"""6917529888124582821""",,Legendary,Chest Armor,ikora,Warlock,1800,,1,Vault,false,false,4,12,,14,2,13,8,14,6,57,14,2,13,8,14,6,57,,,,Upgrade Armor*,*,*,*,*,,,,,,,
Seventh Seraph Boots,1829417670,"""6917529187591820755""",,Legendary,Leg Armor,seasonpass,Warlock,1600,,8,Vault,true,false,3,10,,7,13,6,23,2,2,53,7,13,6,23,2,2,53,,,,Amethyst Veil*,Upgrade Armor*,*,*,*,*,,,,,,
Simulator Hood,2538410394,"""6917529679457108958""",,Legendary,Helmet,fwc,Warlock,1600,,1,Vault,false,false,3,10,,12,16,2,26,2,6,64,12,16,2,26,2,6,64,,,,Upgrade Armor*,*,*,*,*,,,,,,,
Reverie Dawn Tabard,757360370,"""6917529341888835501""",,Legendary,Chest Armor,dreaming,Warlock,1600,,9,Vault,true,false,4,13,,6,16,9,15,14,2,62,6,16,9,15,14,2,62,,,,Jacarina*,Upgrade Armor*,*,*,*,*,,,,,,
Wings of Sacred Dawn,370930766,"""6917529668935137109""",,Exotic,Chest Armor,,Warlock,1600,,1,Vault,false,false,1,1,,4,15,16,25,2,6,68,4,15,16,25,2,6,68,,,,Upgrade Armor*,*,*,*,*,Tome of Dawn*,,,,,,
Heiro Camo,901647822,"""6917529593472334203""",,Legendary,Gauntlets,legendaryengram,Warlock,1600,,5,Vault,false,false,4,15,,6,18,2,2,24,2,54,6,18,2,2,24,2,54,,,,Upgrade Armor*,*,*,*,*,,,,,,,
Reverie Dawn Hood,1076538039,"""6917529442895461648""",,Legendary,Helmet,dreaming,Warlock,1600,,4,Vault,true,false,4,13,,10,2,20,9,17,2,60,10,2,20,9,17,2,60,,,,Transcendent Blessing*,Upgrade Armor*,*,*,*,*,,,,,,
Unyielding Favor Gloves,3031934630,"""6917529871337373964""",,Legendary,Gauntlets,seasonpass,Warlock,1770,,5,Vault,false,false,6,20,,6,12,11,20,6,6,61,6,12,11,20,6,6,61,,,,Upgrade Armor*,*,*,*,*,Queen's Favor*,,,,,,
Stronghold,2240152949,"""6917529795922177129""",,Exotic,Gauntlets,,Titan,1600,,1,Vault,false,false,2,6,,2,12,22,10,14,6,66,2,12,22,10,14,6,66,,,,Upgrade Armor*,*,*,*,*,Clenched Fist*,,,,,,
Lunafaction Boots,4136768282,"""6917529883408641559""",,Exotic,Leg Armor,,Warlock,1804,,2,Vault,false,false,1,1,,16,3,13,17,6,10,65,16,3,13,17,6,10,65,,,,Upgrade Armor*,*,*,*,*,Alchemical Etchings*,,,,,,
Iron Fellowship Gloves,125833536,"""6917529196593001998""",,Legendary,Gauntlets,ironbanner,Warlock,1600,,1,Vault,true,false,3,11,,2,14,16,7,22,2,63,2,14,16,7,22,2,63,,,,Rivalry Stoic*,Upgrade Armor*,*,*,*,*,Iron Lord's Pride*,,,,,
Atavistic Idol Hood,2612856746,"""6917529792110768461""",,Legendary,Helmet,trials,Warlock,1600,,2,Vault,false,false,5,17,,9,11,9,21,8,2,60,9,11,9,21,8,2,60,,,,Upgrade Armor*,*,*,*,*,,,,,,,
Sunbracers,3787517196,"""6917529885219069486""",,Exotic,Gauntlets,,Warlock,1805,,1,Vault,false,false,1,1,,7,10,14,13,12,7,63,7,10,14,13,12,7,63,,,,Upgrade Armor*,*,*,*,*,Helium Spirals*,,,,,,
Pathfinder's Pants,2319651767,"""6917529593797725884""",,Legendary,Leg Armor,lost,Warlock,1600,,3,Vault,false,false,4,15,,2,2,28,6,7,12,57,2,2,28,6,7,12,57,,,,Upgrade Armor*,*,*,*,*,,,,,,,
Holdfast Cover,1173249516,"""6917529603571774791""",,Legendary,Helmet,seasonpass,Warlock,1600,,3,Vault,false,false,3,11,,18,2,11,2,30,2,65,18,2,11,2,30,2,65,,,,Upgrade Armor*,*,*,*,*,,,,,,,
Lightkin Robes,2146386894,"""6917529410827578081""",,Legendary,Chest Armor,servitor,Warlock,1600,,1,Vault,true,false,4,14,,14,2,16,8,23,2,65,14,2,16,8,23,2,65,,,,Upgrade Armor*,*,*,*,*,,,,,,,
Holdfast Boots,674876967,"""6917529524395284480""",,Legendary,Leg Armor,seasonpass,Warlock,1600,,1,Vault,false,false,3,11,,6,26,2,9,2,20,65,6,26,2,9,2,20,65,,,,Upgrade Armor*,*,*,*,*,,,,,,,
Lost Pacific Helmet,720513501,"""6917529594862285155""",,Legendary,Helmet,,Warlock,1600,,1,Vault,false,false,4,15,,16,2,12,23,8,2,63,16,2,12,23,8,2,63,,,,Upgrade Armor*,*,*,*,*,,,,,,,
Lightkin Cover,1245678091,"""6917529387757007228""",,Legendary,Helmet,servitor,Warlock,1600,,2,Vault,true,false,4,14,,2,23,6,2,8,21,62,2,23,6,2,8,21,62,,,,Horizons Beyond*,Upgrade Armor*,*,*,*,*,,,,,,
Heiro Camo,2984725960,"""6917529889742141652""",,Legendary,Leg Armor,legendaryengram,Warlock,1809,,3,Vault,false,false,4,15,,21,6,2,6,2,16,53,21,6,2,6,2,16,53,,,,Upgrade Armor*,*,*,*,*,,,,,,,
Moonfang-X7 Robe,1658294130,"""6917529865170731071""",,Legendary,Chest Armor,dungeon,Warlock,1600,,3,Vault,false,false,3,11,,7,2,23,9,18,2,61,7,2,23,9,18,2,61,,,,Upgrade Armor*,*,*,*,*,,,,,,,
Dreambane Bond,2975563522,"""6917529407228636644""",keep,Legendary,Warlock Bond,moon,Warlock,1600,,10,Vault,true,false,4,13,,2,2,2,2,2,2,12,0,0,0,0,0,0,0,nightmare,Nightmare hunt,,Skele-Ghaul*,Upgrade Armor*,Dreambane Mod*,,,,,,,,,
Annealed Shaper Robes,2011267747,"""6917529376882532562""",,Legendary,Chest Armor,,Warlock,1600,,5,Vault,true,false,4,14,,8,7,15,23,2,7,62,8,7,15,23,2,7,62,,,,New Age Black Armory*,Upgrade Armor*,*,*,*,*,,,,,,
Warmind's Avatar Robes,2710316218,"""6917529855287559576""",,Legendary,Chest Armor,rasputin,Warlock,1600,,2,Vault,false,false,5,19,,10,2,20,7,16,10,65,10,2,20,7,16,10,65,,,,Upgrade Armor*,*,*,*,*,Seraph Sensor Array*,,,,,,
Warmind's Avatar Pants,2471829328,"""6917529860833050314""",,Legendary,Leg Armor,rasputin,Warlock,1600,,3,Vault,false,false,5,19,,10,22,2,10,10,10,64,10,22,2,10,10,10,64,,,,Upgrade Armor*,*,*,*,*,Seraph Sensor Array*,,,,,,
Phoenix's Fire,3628145148,"""6917529335183458389""",,Legendary,Warlock Bond,events,Warlock,1600,,9,Vault,true,false,4,13,Guardian Games,0,0,0,0,0,0,0,0,0,0,0,0,0,0,,,,Precursor Vex Chrome*,Upgrade Armor*,Friendly Competition*,,,,,,,,,
Lightkin Cover,1245678091,"""6917529412967234877""",,Legendary,Helmet,servitor,Warlock,1600,,10,Vault,true,false,4,14,,12,4,23,28,8,4,79,10,2,21,26,6,2,67,,"Cold PVP, nf temp, vile stasis, vile void, Gambito",,Vintage Timber*,Upgrade Armor*,*,*,*,*,Damaged Warlock Hood*,,,,,
Lightkin Robes,2146386894,"""6917529393492284238""",,Legendary,Chest Armor,servitor,Warlock,1600,,2,Vault,false,false,4,14,,2,16,12,2,24,6,62,2,16,12,2,24,6,62,,,,Upgrade Armor*,*,*,*,*,,,,,,,
High-Minded Complex,1365254141,"""6917529462023426007""",,Legendary,Gauntlets,legendaryengram,Warlock,1600,,5,Vault,false,false,4,15,,6,6,18,21,2,6,59,6,6,18,21,2,6,59,,,,Upgrade Armor*,*,*,*,*,,,,,,,
Dreambane Hood,1721938300,"""6917529730843839179""",,Legendary,Helmet,moon,Warlock,1600,,10,Vault,true,false,4,13,,4,8,25,18,17,4,76,2,6,23,16,15,2,64,nightmare,Nightmare hunt,,Skele-Ghaul*,Upgrade Armor*,*,*,*,*,,,,,,
Reverie Dawn Boots,569434520,"""6917529339935499820""",,Legendary,Leg Armor,dreaming,Warlock,1600,,7,Vault,true,false,4,13,,2,16,12,2,26,2,60,2,16,12,2,26,2,60,,,,Amethyst Veil*,Upgrade Armor*,*,*,*,*,Celestine Boots*,,,,,
Phoenix Protocol,4057299719,"""6917529806990738686""",,Exotic,Chest Armor,,Warlock,1600,,2,Vault,false,false,2,4,,11,2,23,13,16,2,67,11,2,23,13,16,2,67,,,,Upgrade Armor*,*,*,*,*,Battle-Hearth*,,,,,,
Peacekeepers,3539357319,"""6917529794443885276""",,Exotic,Leg Armor,,Titan,1600,,1,Vault,false,false,1,1,,15,17,2,10,19,2,65,15,17,2,10,19,2,65,,,,Upgrade Armor*,*,*,*,*,Mecha Holster*,,,,,,
Reverie Dawn Bond,1394177923,"""6917529337707480579""",keep,Legendary,Warlock Bond,dreaming,Warlock,1600,,10,Vault,true,false,4,13,,2,2,2,2,2,2,12,0,0,0,0,0,0,0,,,,Amethyst Veil*,Upgrade Armor*,,,,,,,,,,
Thorium Holt Boots,1539437665,"""6917529475382199926""",,Legendary,Leg Armor,legendaryengram,Warlock,1600,,4,Vault,false,false,4,13,,6,25,2,10,14,6,63,6,25,2,10,14,6,63,,,,Upgrade Armor*,*,*,*,*,,,,,,,
Unyielding Favor Robes,988330314,"""6917529884815010322""",,Legendary,Chest Armor,seasonpass,Warlock,1804,,3,Vault,false,false,6,20,,2,12,18,8,16,8,64,2,12,18,8,16,8,64,,,,Upgrade Armor*,*,*,*,*,Queen's Favor*,,,,,,
Unyielding Favor Robes,988330314,"""6917529887144411612""",,Legendary,Chest Armor,seasonpass,Warlock,1800,,2,Vault,false,false,6,20,,9,2,22,2,13,16,64,9,2,22,2,13,16,64,,,,Upgrade Armor*,*,*,*,*,Queen's Favor*,,,,,,
Insight Vikti Boots,2837138379,"""6917529484605092971""",,Legendary,Leg Armor,legendaryengram,Warlock,1600,,3,Vault,false,false,3,11,,2,2,26,2,16,13,61,2,2,26,2,16,13,61,,,,Upgrade Armor*,*,*,*,*,,,,,,,
Tusked Allegiance Hood,849255710,"""6917529666115069669""",,Legendary,Helmet,psiops,Warlock,1600,,10,Vault,true,false,5,16,,4,16,17,12,23,4,76,2,14,15,10,21,2,64,,,,Upgrade Armor*,*,*,*,*,,,,,,,
Calamity Rig Gloves,3747088838,"""6917529378838379772""",,Legendary,Gauntlets,drifter,Warlock,1600,,4,Vault,false,false,4,14,,2,17,10,2,22,6,59,2,17,10,2,22,6,59,,,,Upgrade Armor*,*,*,*,*,,,,,,,
Lightkin Gloves,3862902650,"""6917529354340440745""",,Legendary,Gauntlets,servitor,Warlock,1600,,10,Vault,true,false,4,14,,4,9,26,20,12,4,75,2,7,24,18,10,2,63,,Pit of heresy solo,,Pomegranate Gloss*,Upgrade Armor*,*,*,*,*,Meridian Constellation Wraps*,,,,,
Iron Forerunner Boots,2247299560,"""6917529487734054651""",,Legendary,Leg Armor,ironbanner,Warlock,1600,,2,Vault,false,false,4,15,,7,12,13,6,23,2,63,7,12,13,6,23,2,63,,,,Upgrade Armor*,*,*,*,*,Iron Lord's Pride*,,,,,,
Medal Bond,1599443272,"""6917529733040886216""",keep,Legendary,Warlock Bond,events,Warlock,1600,,10,Vault,true,false,5,16,Guardian Games,2,2,2,2,2,2,12,0,0,0,0,0,0,0,,"nf temp, vile void, saber nf",,Deprecated Armor Mod*,Photo Finish*,Upgrade Armor*,,,,,,,,,
Kairos Function Robes,817757576,"""6917529518070614723""",,Legendary,Chest Armor,,Warlock,1600,,1,Vault,false,false,4,15,,2,6,23,7,20,6,64,2,6,23,7,20,6,64,,,,Upgrade Armor*,*,*,*,*,,,,,,,
Necrotic Grip,2780717641,"""6917529780762246246""",,Exotic,Gauntlets,lostsectors,Warlock,1600,,2,Vault,true,false,4,12,,7,7,17,14,16,2,63,7,7,17,14,16,2,63,,Necrotic grip,,Upgrade Armor*,*,*,*,*,Grasp of the Devourer*,,,,,,
Tesseract Trace IV,1655109893,"""6917529889482153511""",,Legendary,Leg Armor,legendaryengram,Warlock,1808,,1,Vault,false,false,3,11,,12,2,15,12,12,2,55,12,2,15,12,12,2,55,,,,Upgrade Armor*,*,*,*,*,,,,,,,
Thorium Holt Gloves,2618290591,"""6917529380115095578""",,Legendary,Gauntlets,legendaryengram,Warlock,1600,,1,Vault,false,false,4,13,,7,14,10,16,15,2,64,7,14,10,16,15,2,64,,,,Upgrade Armor*,*,*,*,*,,,,,,,
Thorium Holt Robes,3603834073,"""6917529887684018819""",,Legendary,Chest Armor,legendaryengram,Warlock,1807,,3,Vault,false,false,4,13,,6,2,18,12,12,2,52,6,2,18,12,12,2,52,,,,Upgrade Armor*,*,*,*,*,,,,,,,
Claws of Ahamkara,3288917178,"""6917529184655486352""",,Exotic,Gauntlets,,Warlock,1600,,9,Vault,true,false,1,3,,2,22,10,13,9,8,64,2,22,10,13,9,8,64,,,,Midnight Talons*,Upgrade Armor*,*,*,*,*,The Whispers*,,,,,
Kairos Function Boots,548384250,"""6917529518075494202""",,Legendary,Leg Armor,,Warlock,1600,,1,Vault,false,false,4,15,,9,2,18,13,18,2,62,9,2,18,13,18,2,62,,,,Upgrade Armor*,*,*,*,*,,,,,,,
Aeon Soul,2950045886,"""6917529200068150688""",,Exotic,Gauntlets,,Warlock,1600,,10,Vault,true,false,1,2,,4,14,21,10,11,15,75,2,12,19,8,9,13,63,,"Arms dealer nf, Aeon, vile stasis",,Deprecated Armor Mod*,Reef Regalia*,Upgrade Armor*,*,*,*,*,Sect of Insight*,,,,
The Stag,2177524718,"""6917529196843718975""",,Exotic,Helmet,,Warlock,1803,,10,Vault,true,false,1,2,,14,21,12,22,8,8,85,12,9,10,20,6,6,63,,Crucible,,Resilience Mod*,Lawful Neutral*,Upgrade Armor*,*,*,*,*,Dearly Departed*,,,,
Eidolon Pursuant Gloves,870313788,"""6917529780855447376""",,Legendary,Gauntlets,haunted,Warlock,1600,,3,Vault,false,false,5,17,,9,2,21,2,29,2,65,9,2,21,2,29,2,65,,,,Upgrade Armor*,*,*,*,*,Visage of the Reaper*,,,,,,
Iron Will Hood,3598520298,"""6917529217625291684""",,Legendary,Helmet,ironbanner,Warlock,1600,,10,Vault,true,false,4,12,,18,9,10,16,12,10,75,16,7,8,14,10,8,63,,,,Upgrade Armor*,*,*,*,*,Iron Truage Hood*,Iron Lord's Pride*,,,,,
Holdfast Boots,674876967,"""6917529291852982601""",,Legendary,Leg Armor,seasonpass,Warlock,1600,,10,Vault,true,false,3,11,,11,9,16,18,14,8,76,9,7,14,16,12,6,64,,,,Jacarina*,Upgrade Armor*,*,*,*,*,,,,,,
Oathkeeper,691578978,"""6917529201718089877""",,Exotic,Gauntlets,,Hunter,1600,,1,Vault,false,false,2,4,,12,12,7,21,7,2,61,12,12,7,21,7,2,61,,,,Upgrade Armor*,*,*,*,*,Adamantine Brace*,,,,,,
Philomath Boots,3084633087,"""6917529524401010950""",,Legendary,Leg Armor,legendaryengram,Warlock,1600,,10,Vault,true,false,4,12,,4,19,15,23,4,11,76,2,17,13,21,2,9,64,,"cruc, Pit of heresy solo, Pit chambere",,Grand Luster*,Upgrade Armor*,*,*,*,*,Iron Forerunner Boots*,,,,,
Wild Hunt Vestment,317220729,"""6917529411744173172""",,Legendary,Chest Armor,seasonpass,Warlock,1600,,1,Vault,false,false,4,12,,2,2,28,2,25,2,61,2,2,28,2,25,2,61,,,,Upgrade Armor*,*,*,*,*,,,,,,,
Pathfinder's Wraps,743529557,"""6917529589477890899""",,Legendary,Gauntlets,lost,Warlock,1600,,6,Vault,false,false,4,15,,2,8,21,13,10,6,60,2,8,21,13,10,6,60,,,,Upgrade Armor*,*,*,*,*,,,,,,,
Iron Companion Hood,960442438,"""6917529888124587323""",,Legendary,Helmet,ironbanner,Warlock,1800,,5,Vault,false,false,5,19,,12,2,19,19,2,11,65,12,2,19,19,2,11,65,,,,Upgrade Armor*,*,*,*,*,Iron Lord's Pride*,,,,,,
Thorium Holt Gloves,2618290591,"""6917529587250878761""",,Legendary,Gauntlets,legendaryengram,Warlock,1600,,2,Vault,false,false,4,13,,2,20,7,17,7,2,55,2,20,7,17,7,2,55,,,,Upgrade Armor*,*,*,*,*,,,,,,,
Lightkin Boots,1248864692,"""6917529395201046826""",,Legendary,Leg Armor,servitor,Warlock,1600,,1,Vault,true,false,4,14,,16,12,6,22,9,2,67,16,12,6,22,9,2,67,,,,Upgrade Armor*,*,*,*,*,Interlaced Boots*,,,,,,
Unyielding Favor Hood,3056490591,"""6917529889090982792""",,Legendary,Helmet,seasonpass,Warlock,1800,,5,Vault,false,false,6,20,,9,2,20,2,26,2,61,9,2,20,2,26,2,61,,,,Upgrade Armor*,*,*,*,*,Queen's Favor*,,,,,,
Candescent Gloves,516735972,"""6917529804231795185""",,Legendary,Gauntlets,events,Warlock,1600,,5,Vault,true,false,5,17,Solstice,2,20,12,10,7,13,64,2,20,12,10,7,13,64,,,,Deprecated Armor Mod*,Upgrade Armor*,*,*,*,*,,,,,,
Eidolon Pursuant Pants,256122438,"""6917529800465298816""",,Legendary,Leg Armor,haunted,Warlock,1600,,3,Vault,false,false,5,17,,2,10,20,16,6,10,64,2,10,20,16,6,10,64,,,,Upgrade Armor*,*,*,*,*,Visage of the Reaper*,,,,,,
Pathfinder's Pants,2319651767,"""6917529472161017536""",,Legendary,Leg Armor,lost,Warlock,1600,,4,Vault,true,false,4,15,,6,9,14,24,7,2,62,6,9,14,24,7,2,62,,Cold PVP,,Vintage Timber*,Upgrade Armor*,*,*,*,*,Iron Forerunner Boots*,,,,,
Reverie Dawn Hood,1076538039,"""6917529437322142285""",,Legendary,Helmet,dreaming,Warlock,1600,,3,Vault,false,false,4,13,,7,24,2,7,17,7,64,7,24,2,7,17,7,64,,,,Riven's Curse*,Upgrade Armor*,*,*,*,*,,,,,,
Simulator Gloves,480714723,"""6917529715153856349""",,Legendary,Gauntlets,fwc,Warlock,1600,,1,Vault,false,false,3,10,,2,2,29,2,16,13,64,2,2,29,2,16,13,64,,,,Upgrade Armor*,*,*,*,*,,,,,,,
Eternal Warrior,2808156426,"""6917529794899778179""",,Exotic,Helmet,,Titan,1600,,3,Vault,false,false,1,3,,7,15,10,2,17,14,65,7,15,10,2,17,14,65,,,,Upgrade Armor*,*,*,*,*,Resolute*,,,,,,
Tesseract Trace IV,1655109893,"""6917529587941242246""",,Legendary,Leg Armor,legendaryengram,Warlock,1600,,1,Vault,false,false,3,11,,13,16,2,7,17,6,61,13,16,2,7,17,6,61,,,,Upgrade Armor*,*,*,*,*,,,,,,,
Apotheosis Veil,1096253259,"""6917529886447124834""",,Exotic,Helmet,,Warlock,1808,,4,Vault,false,false,1,3,,14,9,9,2,21,8,63,14,9,9,2,21,8,63,,,,Upgrade Armor*,*,*,*,*,Insatiable*,,,,,,
Photosuede Robes,1080431755,"""6917529888172202015""",,Legendary,Chest Armor,strikes,Warlock,1800,,1,Vault,false,false,5,16,,6,7,16,7,14,8,58,6,7,16,7,14,8,58,,,,Upgrade Armor*,*,*,*,*,,,,,,,
Eidolon Pursuant Veil,217647949,"""6917529791384523964""",,Legendary,Helmet,haunted,Warlock,1600,,3,Vault,false,false,5,17,,2,10,21,2,26,2,63,2,10,21,2,26,2,63,,,,Upgrade Armor*,*,*,*,*,Visage of the Reaper*,,,,,,
Unyielding Favor Robes,988330314,"""6917529888146050234""",,Legendary,Chest Armor,seasonpass,Warlock,1800,,2,Vault,false,false,6,20,,2,13,15,15,14,2,61,2,13,15,15,14,2,61,,,,Upgrade Armor*,*,*,*,*,Queen's Favor*,,,,,,
Karnstein Armlets,3844826440,"""6917529367493259882""",keep,Exotic,Gauntlets,,Warlock,1600,,10,Vault,true,false,1,1,,4,5,32,12,9,16,78,2,3,30,10,7,14,66,,"Pit chambere, Loot cave boss",,Deprecated Armor Mod*,Jacarina*,Upgrade Armor*,*,*,*,*,Vampire's Caress*,,,,
Iron Companion Hood,960442438,"""6917529882257086839""",,Legendary,Helmet,ironbanner,Warlock,1805,,1,Vault,false,false,5,19,,7,15,10,7,9,15,63,7,15,10,7,9,15,63,,,,Upgrade Armor*,*,*,*,*,Iron Lord's Pride*,,,,,,
Unyielding Favor Gloves,3031934630,"""6917529880284385673""",,Legendary,Gauntlets,seasonpass,Warlock,1802,,3,Vault,false,false,6,20,,2,12,18,11,10,10,63,2,12,18,11,10,10,63,,,,Upgrade Armor*,*,*,*,*,Queen's Favor*,,,,,,
Tusked Allegiance Hood,849255710,"""6917529642105678282""",,Legendary,Helmet,psiops,Warlock,1739,,10,Vault,true,false,5,16,,4,8,26,28,4,12,82,2,6,24,21,2,10,65,,"boots, Welll, Well, Bubbly, Pit chambere, saber nf",,Minor Discipline Mod*,Special Ammo Finder*,Heavy Ammo Finder*,Kinetic Siphon*,Transcendental Ambition*,Upgrade Armor*,*,*,*,*,Iron Companion Hood*,
Lightkin Cover,1245678091,"""6917529428671506545""",,Legendary,Helmet,servitor,Warlock,1600,,10,Vault,true,false,4,14,,4,9,26,4,14,21,78,2,7,24,2,12,19,66,,"Prophecy first, Prophecy final boss?, Hexahedron prophecy, Starfire, Pit of heresy solo",,Carbon Blood*,Upgrade Armor*,*,*,*,*,Dreambane Hood*,,,,,
Pathfinder's Wraps,743529557,"""6917529458115696647""",,Legendary,Gauntlets,lost,Warlock,1600,,2,Vault,false,false,4,15,,2,2,29,17,7,2,59,2,2,29,17,7,2,59,,,,Upgrade Armor*,*,*,*,*,,,,,,,
Contraverse Hold,1906093346,"""6917529523345129609""",,Exotic,Gauntlets,,Warlock,1734,,10,Vault,true,false,2,4,,20,8,11,35,4,4,82,18,6,9,28,2,2,65,,"nf temp, vile void",,Minor Discipline Mod*,Kinetic Loader*,Firepower*,Font of Focus*,Upgrade Armor*,*,*,*,*,Chaotic Exchanger*,,
Tusked Allegiance Hood,849255710,"""6917529646129190660""",,Legendary,Helmet,psiops,Warlock,1600,,1,Vault,false,false,5,16,,2,9,22,2,23,7,65,2,9,22,2,23,7,65,,,,Upgrade Armor*,*,*,*,*,,,,,,,
Crystocrene Gloves,3789403502,"""6917529889991417029""",,Legendary,Gauntlets,europa,Warlock,1800,,6,Vault,false,false,4,12,,6,6,22,22,7,2,65,6,6,22,22,7,2,65,,,,Upgrade Armor*,*,*,*,*,,,,,,,
Iron Truage Legs,2351038408,"""6917529385718391607""",,Legendary,Leg Armor,ironbanner,Warlock,1600,,3,Vault,false,false,4,13,,8,8,16,21,2,8,63,8,8,16,21,2,8,63,,,,Upgrade Armor*,*,*,*,*,Iron Lord's Pride*,,,,,,
Sunbracers,3787517196,"""6917529494011502946""",keep,Exotic,Gauntlets,,Warlock,1600,,10,Vault,true,false,1,1,,5,17,18,21,9,8,78,3,15,16,19,7,6,66,,,,Deprecated Armor Mod*,Upgrade Armor*,*,*,*,*,Helium Spirals*,,,,,
Eye of Another World,3381022970,"""6917529808184004909""",,Exotic,Helmet,,Warlock,1748,,10,Vault,true,false,1,1,,4,20,26,11,9,16,86,2,8,24,9,7,14,64,,,,Resilience Mod*,Heavy Ammo Finder*,Special Ammo Finder*,Upgrade Armor*,*,*,*,*,Cerebral Uplink*,,,
Chromatic Fire,4057299718,"""6917529666096814048""",,Exotic,Chest Armor,,Warlock,1600,,2,Vault,false,false,2,4,,2,15,16,18,10,2,63,2,15,16,18,10,2,63,,,,Upgrade Armor*,*,*,*,*,Crystalline Transistor*,,,,,,
Insight Vikti Gloves,4239920089,"""6917529747655800069""",,Legendary,Gauntlets,legendaryengram,Warlock,1600,,3,Vault,false,false,3,11,,6,7,11,23,2,6,55,6,7,11,23,2,6,55,,,,Upgrade Armor*,*,*,*,*,,,,,,,
Ballidorse Wrathweavers,3831935023,"""6917529876851984675""",,Exotic,Gauntlets,lostsectors,Warlock,1796,,1,Vault,false,false,6,20,,6,13,12,10,9,12,62,6,13,12,10,9,12,62,,,,Upgrade Armor*,*,*,*,*,Hearts of Ice*,,,,,,
Calamity Rig Cover,3813221631,"""6917529417837248508""",keep,Legendary,Helmet,drifter,Warlock,1600,,10,Vault,true,false,4,14,,4,4,28,15,16,4,71,2,2,26,13,14,2,59,,"cruc, Loot cave boss",,Grand Luster*,Upgrade Armor*,*,*,*,*,Iron Truage Hood*,,,,,
Nothing Manacles,300502917,"""6917529804231795294""",keep,Exotic,Gauntlets,lostsectors,Warlock,1778,,1,Vault,true,false,4,15,,6,14,12,24,7,2,65,6,14,12,24,7,2,65,,,,Upgrade Armor*,*,*,*,*,Scatter Charge*,,,,,,
Ophidian Aspect,3627185503,"""6917529210362423852""",,Exotic,Gauntlets,,Warlock,1600,,9,Vault,true,false,1,2,,3,15,15,2,7,20,62,3,15,15,2,7,20,62,,cruc,,Grand Luster*,Upgrade Armor*,*,*,*,*,Coiled Lasso*,Cobra Totemic*,,,,
Iron Companion Vestments,1011882337,"""6917529882242397455""",,Legendary,Chest Armor,ironbanner,Warlock,1800,,1,Vault,false,false,5,19,,9,2,22,18,9,2,62,9,2,22,18,9,2,62,,,,Upgrade Armor*,*,*,*,*,Iron Lord's Pride*,,,,,,
Unyielding Favor Boots,2549387168,"""6917529880277692608""",,Legendary,Leg Armor,seasonpass,Warlock,1802,,3,Vault,false,false,6,20,,11,6,14,10,15,7,63,11,6,14,10,15,7,63,,,,Upgrade Armor*,*,*,*,*,Queen's Favor*,,,,,,
Calamity Rig Cover,3813221631,"""6917529293610273792""",,Legendary,Helmet,drifter,Warlock,1600,,2,Vault,false,false,4,13,,19,2,9,19,9,2,60,19,2,9,19,9,2,60,,,,Upgrade Armor*,*,*,*,*,,,,,,,
Iron Companion Legs,1741360441,"""6917529880957287975""",,Legendary,Leg Armor,ironbanner,Warlock,1800,,3,Vault,false,false,5,19,,2,6,23,14,2,15,62,2,6,23,14,2,15,62,,,,Upgrade Armor*,*,*,*,*,Iron Lord's Pride*,,,,,,
Iron Companion Legs,1741360441,"""6917529882257088823""",,Legendary,Leg Armor,ironbanner,Warlock,1800,,2,Vault,false,false,5,19,,8,9,14,21,8,2,62,8,9,14,21,8,2,62,,,,Upgrade Armor*,*,*,*,*,Iron Lord's Pride*,,,,,,
Eidolon Pursuant Pants,256122438,"""6917529793023662780""",,Legendary,Leg Armor,haunted,Warlock,1600,,2,Vault,false,false,5,17,,7,2,24,16,14,2,65,7,2,24,16,14,2,65,,,,Upgrade Armor*,*,*,*,*,Visage of the Reaper*,,,,,,
Iron Truage Legs,2351038408,"""6917529381806995785""",,Legendary,Leg Armor,ironbanner,Warlock,1600,,10,Vault,true,false,4,13,,11,10,16,14,13,12,76,9,8,14,12,11,10,64,,,,Skele-Ghaul*,Upgrade Armor*,*,*,*,*,Iron Forerunner Boots*,Iron Lord's Pride*,,,,
Holdfast Cover,1173249516,"""6917529196398553116""",,Legendary,Helmet,seasonpass,Warlock,1600,,10,Vault,true,false,3,11,,10,12,16,13,16,8,75,8,10,14,11,14,6,63,,,,Jacarina*,Upgrade Armor*,*,*,*,*,,,,,,
Reverie Dawn Hood,1076538039,"""6917529304753091548""",,Legendary,Helmet,dreaming,Warlock,1600,,1,Vault,false,false,4,13,,6,18,6,19,9,2,60,6,18,6,19,9,2,60,,,,Riven's Curse*,Burnished Dreams*,Upgrade Armor*,*,*,*,*,,,,,
Tesseract Trace IV,2339155434,"""6917529557043955952""",,Legendary,Helmet,legendaryengram,Warlock,1600,,3,Vault,false,false,3,11,,6,25,2,9,16,7,65,6,25,2,9,16,7,65,,,,Upgrade Armor*,*,*,*,*,,,,,,,
Dreambane Hood,1721938300,"""6917529793123747567""",,Legendary,Helmet,moon,Warlock,1600,,7,Vault,false,false,4,13,,2,2,27,6,16,12,65,2,2,27,6,16,12,65,nightmare,,,Upgrade Armor*,*,*,*,*,,,,,,,
Stormdancer's Brace,1996008488,"""6917529792281242224""",,Exotic,Chest Armor,campaign,Warlock,1600,,2,Vault,false,false,3,8,,8,6,17,6,14,11,62,8,6,17,6,14,11,62,,,,Upgrade Armor*,*,*,*,*,Ascending Amplitude*,,,,,,
Lightkin Robes,2146386894,"""6917529437240265513""",keep,Legendary,Chest Armor,servitor,Warlock,1600,,10,Vault,true,false,4,14,,4,9,23,24,9,4,73,2,7,21,22,7,2,61,,"gabmit haunted, Gambit2, Loot cave boss",,Deprecated Armor Mod*,Pole Position*,Upgrade Armor*,*,*,*,*,Clutch Extol Robes*,,,,
Dreambane Boots,399547095,"""6917529793069182199""",,Legendary,Leg Armor,moon,Warlock,1600,,7,Vault,false,false,4,13,,7,2,23,6,26,2,66,7,2,23,6,26,2,66,nightmare,,,Upgrade Armor*,*,*,*,*,,,,,,,
Felwinter's Helm,2822465023,"""6917529491341048658""",keep,Exotic,Helmet,,Warlock,1600,,1,Vault,true,false,3,10,,8,2,21,2,11,20,64,8,2,21,2,11,20,64,,,,Upgrade Armor*,*,*,*,*,Warlord's End*,,,,,,
Eimin-Tin Ritual Mask,3634942770,"""6917529442696093549""",,Legendary,Helmet,tangled,Warlock,1600,,1,Vault,false,false,4,12,,2,8,23,6,9,14,62,2,8,23,6,9,14,62,,,,Upgrade Armor*,*,*,*,*,,,,,,,
Promethium Spur,235591051,"""6917529809111080778""",,Exotic,Leg Armor,,Warlock,1600,,1,Vault,false,false,3,9,,8,2,21,17,14,2,64,8,2,21,17,14,2,64,,,,Upgrade Armor*,*,*,*,*,Embers of Light*,,,,,,
Iron Forerunner Boots,2247299560,"""6917529524414538435""",,Legendary,Leg Armor,ironbanner,Warlock,1600,,4,Vault,false,false,4,15,,2,22,9,2,16,13,64,2,22,9,2,16,13,64,,,,Upgrade Armor*,*,*,*,*,Iron Lord's Pride*,,,,,,
Geomag Stabilizers,121305948,"""6917529212041536527""",,Exotic,Leg Armor,,Warlock,1600,,8,Vault,false,false,2,4,,7,9,17,7,20,2,62,7,9,17,7,20,2,62,,,,Upgrade Armor*,*,*,*,*,Close Enough*,,,,,,
Pathfinder's Wraps,743529557,"""6917529569848286874""",,Legendary,Gauntlets,lost,Warlock,1600,,2,Vault,false,false,4,15,,6,8,12,21,10,2,59,6,8,12,21,10,2,59,,,,Upgrade Armor*,*,*,*,*,,,,,,,
Iron Truage Vestments,459833058,"""6917529384579220586""",,Legendary,Chest Armor,ironbanner,Warlock,1600,,4,Vault,false,false,4,13,,2,20,8,7,20,2,59,2,20,8,7,20,2,59,,,,Upgrade Armor*,*,*,*,*,Iron Lord's Pride*,,,,,,
Verity's Brow,2428181146,"""6917529736223329839""",,Exotic,Helmet,,Warlock,1600,,1,Vault,false,false,1,3,,7,16,10,16,2,16,67,7,16,10,16,2,16,67,,,,Upgrade Armor*,*,*,*,*,The Fourth Magic*,,,,,,
Lightkin Boots,1248864692,"""6917529421197994046""",keep,Legendary,Leg Armor,servitor,Warlock,1600,,10,Vault,true,false,4,14,,4,8,24,18,16,4,74,2,6,22,16,14,2,62,,"nf temp, vile stasis, vile void, saber nf, Loot cave boss",,Butterbark*,Upgrade Armor*,*,*,*,*,Steeplechase Boots*,,,,,
Skull of Dire Ahamkara,1030017949,"""6917529366571997995""",keep,Exotic,Helmet,,Warlock,1600,,1,Vault,true,false,1,1,,6,8,20,12,11,8,65,6,8,20,12,11,8,65,,,,Upgrade Armor*,*,*,*,*,Actual Grandeur*,,,,,,
Winter's Guile,3844826443,"""6917529652614259016""",,Exotic,Gauntlets,,Warlock,1600,,1,Vault,false,false,1,1,,2,2,30,13,9,8,64,2,2,30,13,9,8,64,,,,Upgrade Armor*,*,*,*,*,Warlord's Sigil*,,,,,,
Prodigal Robes,571127634,"""6917529803713696182""",,Legendary,Chest Armor,legendaryengram,Warlock,1600,,3,Vault,false,false,4,15,,2,21,9,11,6,7,56,2,21,9,11,6,7,56,,,,Upgrade Armor*,*,*,*,*,,,,,,,
Praefectus Gloves,3245065734,"""6917529289591248670""",,Legendary,Gauntlets,seasonpass,Warlock,1600,,8,Vault,true,false,4,13,,8,10,10,30,2,2,62,8,10,10,30,2,2,62,,,,Precursor Vex Chrome*,Upgrade Armor*,*,*,*,*,Legatus Gloves*,,,,,
Viperidax Gloves,4238378141,"""6917529639074471439""",,Legendary,Gauntlets,drifter,Warlock,1600,,1,Vault,false,false,5,16,,2,2,23,8,17,2,54,2,2,23,8,17,2,54,,,,Upgrade Armor*,*,*,*,*,,,,,,,
Veritas Boots,872328719,"""6917529656872456936""",,Legendary,Leg Armor,throneworld,Warlock,1600,,3,Vault,true,false,5,16,,6,2,21,18,2,6,55,6,2,21,18,2,6,55,,,,Upgrade Armor*,*,*,*,*,,,,,,,
Annealed Shaper Gloves,2615721245,"""6917529359925370627""",,Legendary,Gauntlets,,Warlock,1600,,1,Vault,false,false,4,14,,7,13,10,20,2,9,61,7,13,10,20,2,9,61,,,,New Age Black Armory*,Upgrade Armor*,*,*,*,*,,,,,,
Tusked Allegiance Gloves,119228495,"""6917529661091016798""",,Legendary,Gauntlets,psiops,Warlock,1600,,4,Vault,false,false,5,16,,2,2,26,23,8,2,63,2,2,26,23,8,2,63,,,,Upgrade Armor*,*,*,*,*,,,,,,,
Thorium Holt Boots,1539437665,"""6917529382882170989""",,Legendary,Leg Armor,legendaryengram,Warlock,1600,,10,Vault,true,false,4,13,,4,4,30,4,14,15,71,2,2,28,2,12,13,59,,,,Deprecated Armor Mod*,Abyssinian Gold*,Upgrade Armor*,*,*,*,*,Legatus Boots*,,,,
Crown of Tempests,3381022969,"""6917529798071161727""",,Exotic,Helmet,,Warlock,1600,,1,Vault,false,false,1,1,,3,30,3,16,2,16,70,3,30,3,16,2,16,70,,,,Upgrade Armor*,*,*,*,*,Conduction Tines*,,,,,,
Sovereign Gloves,1117943570,"""6917529795599989898""",,Legendary,Gauntlets,nm,Warlock,1600,,3,Vault,false,false,3,10,,2,2,27,26,6,2,65,2,2,27,26,6,2,65,,,,Upgrade Armor*,*,*,*,*,,,,,,,
Tesseract Trace IV,695071581,"""6917529602922840540""",,Legendary,Chest Armor,legendaryengram,Warlock,1600,,10,Vault,true,false,3,11,,9,4,24,25,4,4,70,7,2,22,23,2,2,58,,"Cold PVP, nf temp, vile stasis, vile void, Gambito",,Vintage Timber*,Upgrade Armor*,*,*,*,*,Nemean Robes*,,,,,
Tusked Allegiance Robes,3465627817,"""6917529667405618514""",,Legendary,Chest Armor,psiops,Warlock,1600,,2,Vault,false,false,5,16,,2,29,2,2,26,6,67,2,29,2,2,26,6,67,,,,Upgrade Armor*,*,*,*,*,,,,,,,
An Insurmountable Skullfort,3216110440,"""6917529794464515965""",,Exotic,Helmet,,Titan,1600,,2,Vault,false,false,1,1,,9,17,8,18,2,11,65,9,17,8,18,2,11,65,,,,Upgrade Armor*,*,*,*,*,Transfusion Matrix*,,,,,,
Wild Hunt Helm,3887272785,"""6917529212777641308""",,Legendary,Helmet,seasonpass,Titan,1600,,6,Vault,true,false,4,12,,8,6,19,10,12,11,66,8,6,19,10,12,11,66,,,,Upgrade Armor*,*,*,*,*,,,,,,,
Eidolon Pursuant Gauntlets,2388383505,"""6917529794464519567""",,Legendary,Gauntlets,haunted,Titan,1600,,3,Vault,false,false,5,17,,6,13,12,16,12,6,65,6,13,12,16,12,6,65,,,,Upgrade Armor*,*,*,*,*,Visage of the Reaper*,,,,,,
Tusked Allegiance Gauntlets,187431790,"""6917529681147226311""",,Legendary,Gauntlets,psiops,Titan,1600,,3,Vault,false,false,5,16,,2,12,18,15,10,7,64,2,12,18,15,10,7,64,,,,House of Meyrin*,Upgrade Armor*,*,*,*,*,Ringwalker Gauntlets*,,,,,
Wild Hunt Gauntlets,2545401128,"""6917529212783383888""",,Legendary,Gauntlets,seasonpass,Titan,1600,,6,Vault,true,false,4,12,,6,8,19,12,14,7,66,6,8,19,12,14,7,66,,,,Upgrade Armor*,*,*,*,*,Steeplechase Gauntlets*,,,,,,
BrayTech Iron-Heart Engine,3484179468,"""6917529794530714857""",,Legendary,Chest Armor,,Titan,1600,,1,Vault,false,false,3,10,,2,23,6,8,9,12,60,2,23,6,8,9,12,60,,,,Upgrade Armor*,*,*,*,*,,,,,,,
Wild Hunt Plate,3351935136,"""6917529212783388304""",,Legendary,Chest Armor,seasonpass,Titan,1600,,6,Vault,true,false,4,12,,6,8,19,7,20,6,66,6,8,19,7,20,6,66,,,,Upgrade Armor*,*,*,*,*,,,,,,,
Eidolon Pursuant Greaves,1795075811,"""6917529794422770145""",,Legendary,Leg Armor,haunted,Titan,1600,,3,Vault,false,false,5,17,,6,2,23,19,8,6,64,6,2,23,19,8,6,64,,,,Bray Innovation*,Upgrade Armor*,*,*,*,*,BrayTech Sn0Boots*,Visage of the Reaper*,,,,
Wild Hunt Greaves,3180809346,"""6917529212777633786""",,Legendary,Leg Armor,seasonpass,Titan,1600,,6,Vault,false,false,4,12,,12,2,19,10,16,6,65,12,2,19,10,16,6,65,,,,Upgrade Armor*,*,*,*,*,Steeplechase Greaves*,,,,,,
Holdfast Gloves,327547301,"""6917529195299198939""",,Legendary,Gauntlets,seasonpass,Warlock,1600,,10,Vault,true,false,3,11,,8,8,24,11,14,14,79,6,6,22,9,12,12,67,,,,Deprecated Armor Mod*,Deprecated Armor Mod*,Upgrade Armor*,*,*,*,*,,,,,
Transversive Steps,138282166,"""6917529198140097289""",keep,Exotic,Leg Armor,,Warlock,1600,,10,Vault,true,false,1,1,,5,4,31,8,11,16,75,3,2,29,6,9,14,63,,,,Photo Finish*,Upgrade Armor*,*,*,*,*,Mindstriders*,Strange Protractor*,,,,
Lightkin Cover,1245678091,"""6917529437240265811""",,Legendary,Helmet,servitor,Warlock,1600,,1,Vault,false,false,4,14,,2,8,20,20,2,10,62,2,8,20,20,2,10,62,,,,Upgrade Armor*,*,*,*,*,,,,,,,
Secant Filaments,511888814,"""6917529808523315462""",,Exotic,Leg Armor,lostsectors,Warlock,1600,,1,Vault,false,false,5,16,,9,13,10,23,2,8,65,9,13,10,23,2,8,65,,,,Upgrade Armor*,*,*,*,*,Devouring Rift*,,,,,,
Ashen Wake,1734844650,"""6917529798065053182""",,Exotic,Gauntlets,,Titan,1600,,1,Vault,false,false,1,3,,10,13,9,19,2,10,63,10,13,9,19,2,10,63,,,,Upgrade Armor*,*,*,*,*,Bring the Heat*,,,,,,
Iron Companion Hood,960442438,"""6917529861495137764""",,Legendary,Helmet,ironbanner,Warlock,1600,,2,Vault,false,false,5,19,,10,12,11,17,14,2,66,10,12,11,17,14,2,66,,,,Upgrade Armor*,*,*,*,*,Iron Lord's Pride*,,,,,,
Iron Truage Gloves,267960270,"""6917529358691627855""",,Legendary,Gauntlets,ironbanner,Warlock,1600,,8,Vault,true,false,4,13,,6,6,19,17,12,2,62,6,6,19,17,12,2,62,,,,Upgrade Armor*,*,*,*,*,Iron Lord's Pride*,,,,,,
Pathfinder's Wraps,743529557,"""6917529458115699241""",,Legendary,Gauntlets,lost,Warlock,1600,,10,Vault,true,false,4,15,,4,4,32,18,9,4,71,2,2,30,16,7,2,59,,Gambito,,Deprecated Armor Mod*,Safety First*,Upgrade Armor*,*,*,*,*,Praefectus Gloves*,,,,
Lightkin Robes,2146386894,"""6917529421198000223""",,Legendary,Chest Armor,servitor,Warlock,1600,,10,Vault,true,false,4,14,,4,4,30,15,12,8,73,2,2,28,13,10,6,61,,,,Descendant Vex Chrome*,Upgrade Armor*,*,*,*,*,Nemean Robes*,,,,,
Iron Will Vestments,1412970845,"""6917529217209546780""",,Legendary,Chest Armor,ironbanner,Warlock,1600,,10,Vault,true,false,4,12,,4,10,25,11,14,11,75,2,8,23,9,12,9,63,,"Arms dealer nf, Aeon, cruc",,Deprecated Armor Mod*,Deprecated Armor Mod*,Upgrade Armor*,*,*,*,*,Iron Fellowship Robes*,Iron Lord's Pride*,,,
Sovereign Hood,446438979,"""6917529808259497881""",,Legendary,Helmet,nm,Warlock,1600,,2,Vault,true,false,3,10,,2,7,24,30,2,2,67,2,7,24,30,2,2,67,,,,Upgrade Armor*,*,*,*,*,,,,,,,
Vesper of Radius,1725917554,"""6917529798469527174""",,Exotic,Chest Armor,,Warlock,1600,,1,Vault,false,false,1,2,,6,12,15,14,10,6,63,6,12,15,14,10,6,63,,,,Upgrade Armor*,*,*,*,*,Planetary Torrent*,,,,,,
Veritas Robe,4115572467,"""6917529800272843762""",,Legendary,Chest Armor,throneworld,Warlock,1600,,2,Vault,false,false,5,16,,2,6,24,16,6,10,64,2,6,24,16,6,10,64,,,,Upgrade Armor*,*,*,*,*,,,,,,,
Channeling Wraps (CODA),1406846351,"""6917529812167674827""",,Legendary,Gauntlets,dungeon,Warlock,1600,,2,Vault,false,false,3,11,,10,2,22,15,15,2,66,10,2,22,15,15,2,66,,,,Upgrade Armor*,*,*,*,*,,,,,,,
Channeling Treads (CODA),2022923313,"""6917529813814941580""",,Legendary,Leg Armor,dungeon,Warlock,1600,,1,Vault,false,false,3,11,,6,7,18,19,6,6,62,6,7,18,19,6,6,62,,,,Upgrade Armor*,*,*,*,*,,,,,,,
Reverie Dawn Boots,569434520,"""6917529812194388177""",,Legendary,Leg Armor,dreaming,Warlock,1600,,8,Vault,false,false,4,13,,2,12,12,12,20,2,60,2,12,12,12,20,2,60,,,,Upgrade Armor*,*,*,*,*,,,,,,,
Warmind's Avatar Robes,2710316218,"""6917529862826078389""",,Legendary,Chest Armor,rasputin,Warlock,1600,,3,Vault,false,false,5,19,,2,30,2,12,10,9,65,2,30,2,12,10,9,65,,,,Upgrade Armor*,*,*,*,*,Seraph Sensor Array*,,,,,,
Getaway Artist,3084282676,"""6917529804399454107""",,Exotic,Gauntlets,,Warlock,1600,,3,Vault,true,false,2,6,,2,20,13,12,2,17,66,2,20,13,12,2,17,66,,,,Upgrade Armor*,*,*,*,*,Dynamic Duo*,,,,,,
Candescent Hood,1840892693,"""6917529804237121401""",,Legendary,Helmet,events,Warlock,1600,,5,Vault,false,false,5,17,Solstice,2,20,12,2,23,6,65,2,20,12,2,23,6,65,,,,Upgrade Armor*,*,*,*,*,,,,,,,
Lunafaction Boots,4136768282,"""6917529857166057464""",keep,Exotic,Leg Armor,,Warlock,1600,,3,Vault,true,false,1,1,,14,7,11,29,2,2,65,14,7,11,29,2,2,65,,,,Upgrade Armor*,*,*,*,*,Alchemical Etchings*,,,,,,